Age,DistanceFromHome,JobLevel,PercentSalaryHike,StockOptionLevel,TotalWorkingYears,TrainingTimesLastYear,YearsSinceLastPromotion,YearsWithCurrManager,Leaves,Attrition,Frequently_Travel,Rarely_Travel,HR,Healthcare_Rep,Lab_Technician,Manager,Sales_Executive,Sales_Rep,Scientist,Male,Married,Single,OverTime,FullTime,PartTime,Leaving_DeptHead,Leaving_Salary,Leaving_Accident,Leaving_Environment
37,2,1,15,0,7,3,0,0,4,1,0,1,0,0,1,0,0,0,0,1,0,1,1,0,0,0,1,0,0
21,15,1,14,0,0,6,0,0,5,0,0,1,0,0,0,0,0,0,1,1,0,1,0,0,1,0,0,1,0
45,6,3,14,0,17,3,0,0,1,0,0,1,0,0,0,0,0,0,0,1,1,0,1,0,0,1,0,0,0
23,2,1,13,1,3,3,0,0,1,0,0,1,0,0,0,0,0,1,0,1,0,0,0,1,0,0,0,1,0
22,15,1,15,0,1,5,0,0,5,0,0,1,0,0,1,0,0,0,0,0,0,1,0,0,0,0,0,0,0
19,22,1,19,0,0,2,0,0,1,1,0,1,0,0,0,0,0,1,0,1,0,1,1,0,1,0,0,1,0
19,1,1,21,0,1,5,0,0,2,1,1,0,0,0,0,0,0,1,0,0,0,1,0,0,0,0,0,1,0
28,2,1,11,0,5,5,0,0,0,1,0,1,0,0,1,0,0,0,0,1,0,1,0,0,0,0,0,0,1
29,2,2,19,2,10,2,0,0,5,0,0,1,0,0,0,0,1,0,0,1,1,0,0,0,1,0,0,0,0
18,3,1,13,0,0,2,0,0,5,1,0,1,0,0,1,0,0,0,0,1,0,1,0,1,0,0,0,0,1
18,10,1,12,0,0,2,0,0,1,0,0,1,0,0,0,0,0,1,0,0,0,1,0,1,0,0,0,0,1
47,4,2,19,0,5,3,0,0,5,0,1,0,0,0,0,0,0,1,0,1,0,1,0,1,0,0,0,0,1
48,29,3,21,1,15,3,0,0,1,0,0,1,0,0,0,1,0,0,0,0,1,0,0,0,1,0,0,1,0
18,5,1,14,0,0,3,0,0,3,1,1,0,0,0,0,0,0,1,0,1,0,1,1,1,0,0,0,0,1
26,29,2,12,2,8,5,0,0,0,0,0,1,0,0,0,0,1,0,0,1,0,0,0,0,1,1,0,0,0
38,1,1,17,0,8,3,0,0,2,0,0,1,0,0,0,0,0,0,1,0,0,1,0,1,0,1,0,0,0
34,8,2,14,1,7,3,0,0,3,0,0,1,0,0,0,0,0,0,0,0,0,0,0,0,1,0,1,0,0
23,6,1,21,2,1,2,0,0,2,1,0,1,0,0,1,0,0,0,0,1,1,0,1,0,1,1,0,0,0
30,2,2,24,0,12,4,0,0,3,0,0,1,0,0,0,0,0,0,0,0,0,1,1,0,1,0,0,0,1
27,3,1,11,3,0,6,0,0,3,0,0,0,0,0,0,0,0,0,1,1,1,0,0,0,0,1,0,0,0
48,20,1,17,2,13,2,0,0,0,0,0,1,0,0,0,0,0,0,1,1,1,0,0,1,0,1,0,0,0
29,10,1,20,0,3,5,0,0,1,1,0,1,0,0,0,0,0,0,1,0,0,1,1,1,0,0,1,0,0
18,5,1,15,0,0,2,0,0,3,0,0,0,0,0,0,0,0,0,1,1,0,1,0,1,0,1,0,0,0
50,1,2,14,0,5,4,0,0,1,1,1,0,0,0,0,0,1,0,0,1,0,1,1,0,1,1,0,0,0
34,3,1,17,3,6,2,0,0,0,0,0,0,0,0,0,0,0,0,1,1,1,0,0,0,0,0,0,0,1
18,8,1,12,0,0,0,0,0,5,1,0,0,0,0,1,0,0,0,0,1,0,1,0,1,0,0,0,1,0
22,3,1,11,1,1,5,0,0,5,1,1,0,0,0,0,0,0,0,1,1,1,0,1,1,0,1,0,0,0
44,17,1,13,0,6,3,0,0,1,0,0,0,0,0,0,0,0,0,1,1,0,1,0,0,0,0,0,1,0
40,2,2,12,3,5,2,0,0,2,0,1,0,0,0,0,0,1,0,0,1,1,0,0,1,0,0,1,0,0
45,25,5,22,0,22,4,0,0,4,0,1,0,0,0,0,1,0,0,0,0,0,1,0,0,0,0,0,1,0
18,1,1,15,0,0,5,0,0,1,0,0,0,0,0,1,0,0,0,0,0,0,1,0,0,1,0,1,0,0
24,9,1,11,0,4,2,0,0,5,1,1,0,0,0,1,0,0,0,0,1,0,1,1,0,1,0,0,0,1
28,2,1,11,0,8,2,0,0,5,1,1,0,0,0,1,0,0,0,0,1,0,1,0,1,0,1,0,0,0
33,8,2,17,0,14,6,0,0,3,0,0,1,0,1,0,0,0,0,0,1,0,1,1,1,0,0,0,1,0
18,3,1,12,0,0,2,0,0,0,1,1,0,0,0,0,0,0,1,0,0,0,1,1,0,1,1,0,0,0
38,4,1,19,1,7,5,0,0,2,0,0,1,0,0,1,0,0,0,0,0,1,0,0,1,0,1,0,0,0
32,1,2,15,0,10,2,0,0,1,1,0,1,0,0,0,0,1,0,0,1,0,1,0,1,0,0,0,0,1
33,16,3,20,0,11,2,0,0,5,1,0,1,0,0,0,0,1,0,0,0,0,1,1,0,0,0,1,0,0
42,13,2,18,2,10,2,0,0,3,0,0,1,0,1,0,0,0,0,0,1,1,0,0,0,0,0,0,1,0
18,14,1,16,0,0,4,0,0,4,0,0,0,0,0,0,0,0,0,1,0,0,1,0,0,0,0,0,0,1
32,10,2,13,0,4,2,0,0,3,0,1,0,0,0,0,0,1,0,0,1,0,1,0,0,0,0,0,0,1
42,8,1,13,0,8,3,0,0,5,0,0,1,0,0,1,0,0,0,0,1,0,1,0,1,0,0,0,0,0
56,11,2,16,1,6,3,0,0,5,0,0,1,0,0,0,0,1,0,0,0,1,0,0,0,0,0,0,0,0
42,12,2,12,2,14,4,0,0,1,0,0,1,0,0,0,0,1,0,0,1,0,0,1,0,1,0,0,0,1
59,3,1,20,3,12,3,0,0,2,0,0,1,0,0,1,0,0,0,0,0,1,0,1,0,0,0,0,1,0
30,24,1,22,1,1,2,0,0,2,0,0,1,0,0,1,0,0,0,0,1,0,0,0,0,1,0,0,1,0
22,16,1,13,2,1,2,0,0,0,0,0,0,0,0,1,0,0,0,0,1,0,0,1,0,0,0,1,0,0
33,2,1,11,0,7,3,0,0,1,0,0,1,0,0,1,0,0,0,0,1,0,1,0,0,0,0,0,0,1
39,5,2,14,1,19,6,0,0,5,1,0,1,0,0,0,0,0,1,0,1,1,0,0,0,0,1,0,0,0
36,5,1,14,1,6,3,0,0,4,0,0,1,0,0,0,0,0,0,1,0,1,0,1,0,1,0,0,0,1
35,4,1,12,1,1,3,0,0,0,0,0,1,0,0,1,0,0,0,0,1,0,0,0,1,0,0,0,0,0
27,2,1,13,1,1,6,0,0,5,0,0,1,0,0,1,0,0,0,0,0,0,0,0,0,1,0,0,0,0
26,25,1,12,0,1,2,0,1,4,1,0,1,0,0,1,0,0,0,0,1,0,1,0,0,1,1,0,0,0
37,19,1,21,0,8,1,0,0,5,0,0,1,0,0,0,0,0,0,1,1,1,0,0,0,1,0,0,0,1
35,8,1,19,0,1,2,0,1,2,0,0,1,0,0,1,0,0,0,0,1,1,0,0,1,0,0,1,0,0
48,1,3,13,0,23,2,0,0,4,1,0,1,0,0,1,0,0,0,0,1,0,1,1,0,0,0,0,1,0
45,7,3,17,1,25,2,0,0,5,0,0,1,0,0,0,0,0,0,1,1,0,0,0,0,1,0,0,0,1
36,9,1,17,1,2,0,0,0,4,1,0,1,0,0,0,0,0,0,1,1,1,0,1,1,0,0,0,1,0
31,1,1,17,0,1,4,1,0,0,0,0,1,0,0,0,0,0,0,1,1,0,1,0,0,0,0,1,0,0
36,6,1,12,0,5,3,0,0,3,0,0,1,0,0,1,0,0,0,0,0,1,0,0,0,0,1,0,0,0
55,1,3,14,1,24,4,1,0,0,0,0,1,0,0,0,0,1,0,0,1,1,0,0,1,0,0,0,0,1
32,1,1,13,0,1,2,0,0,4,0,0,1,0,0,0,0,0,0,1,1,0,1,0,1,0,0,1,0,0
20,6,1,18,0,1,5,1,0,3,1,1,0,0,0,1,0,0,0,0,0,0,1,1,0,0,1,0,0,0
37,2,2,14,1,17,2,0,0,3,0,0,0,0,1,0,0,0,0,0,1,0,0,0,0,0,0,0,0,1
34,6,2,15,1,12,3,0,0,5,0,0,1,0,0,0,0,0,0,1,0,0,0,0,0,0,0,1,0,0
36,3,1,22,1,7,2,0,0,5,0,0,1,0,0,1,0,0,0,0,0,0,0,0,1,0,0,1,0,0
19,3,1,14,0,1,3,0,0,0,0,0,1,0,0,1,0,0,0,0,0,0,1,0,1,0,0,0,1,0
51,7,2,17,0,10,2,0,0,1,0,0,1,0,0,0,0,0,0,0,1,1,0,0,0,0,0,0,0,1
58,9,1,20,1,9,3,0,0,3,0,0,1,0,0,0,0,0,0,1,0,1,0,1,0,0,0,0,1,0
27,3,1,15,1,1,2,0,1,5,0,0,0,0,0,0,0,0,0,1,1,0,0,1,0,0,0,0,0,1
19,2,1,22,0,1,3,1,0,0,1,0,1,0,0,1,0,0,0,0,1,0,1,0,0,0,0,0,0,1
35,23,2,13,0,8,1,0,1,0,1,0,1,0,0,0,0,0,0,0,1,1,0,1,1,0,0,1,0,0
38,2,2,14,0,14,3,0,0,3,0,0,1,0,0,0,0,0,0,0,1,1,0,0,1,0,0,0,0,0
38,29,2,19,0,17,2,0,0,3,1,0,1,0,1,0,0,0,0,0,1,1,0,1,0,1,0,0,0,0
41,6,3,18,0,16,3,0,0,5,0,0,1,0,0,0,1,0,0,0,0,0,1,1,0,1,0,0,1,0
59,3,1,17,1,7,6,0,0,4,0,0,1,0,0,0,0,0,0,1,1,1,0,0,0,0,1,0,0,0
41,19,2,16,2,17,2,0,0,0,0,0,1,0,0,0,0,0,0,1,1,0,0,0,0,1,1,0,0,0
37,10,3,11,2,17,5,0,0,0,1,1,0,0,0,0,0,0,0,0,1,0,0,0,0,1,0,1,0,0
51,1,1,11,0,1,0,0,0,2,0,0,1,0,0,0,0,0,0,1,1,1,0,0,0,1,0,0,0,0
44,24,1,22,1,19,0,0,0,0,1,1,0,0,0,1,0,0,0,0,1,0,0,1,0,0,0,0,1,0
36,18,1,18,2,4,2,0,0,4,0,1,0,0,0,1,0,0,0,0,1,1,0,0,1,0,0,0,0,0
39,3,2,18,0,12,3,0,0,0,1,0,1,0,0,0,0,1,0,0,0,1,0,1,1,0,0,0,1,0
43,7,3,16,1,10,1,0,0,1,0,0,1,0,1,0,0,0,0,0,0,1,0,0,1,0,1,0,0,0
42,23,4,14,0,16,2,0,0,1,0,0,1,0,0,0,0,0,0,0,0,0,1,0,1,0,0,0,1,0
42,2,2,23,0,14,6,0,0,3,0,0,1,0,1,0,0,0,0,0,1,0,1,0,0,0,0,0,1,0
36,1,2,15,0,7,6,0,0,3,0,0,0,0,0,0,0,1,0,0,0,0,1,0,0,0,0,0,0,1
33,5,1,13,0,1,2,0,0,0,1,0,1,0,0,0,0,0,1,0,0,0,1,1,0,0,0,0,0,1
46,7,2,14,0,7,2,0,0,1,0,0,0,0,0,0,0,0,0,0,0,1,0,0,0,0,0,0,0,0
21,12,1,15,0,1,0,0,0,1,1,0,1,0,0,0,0,0,1,0,0,0,1,0,0,1,0,1,0,0
35,9,2,19,0,10,5,0,0,1,0,0,1,0,1,0,0,0,0,0,1,0,1,0,1,0,0,0,1,0
30,2,1,18,1,1,3,0,0,4,0,0,1,0,0,0,0,0,1,0,1,1,0,0,1,0,1,0,0,0
30,4,1,23,0,3,4,0,0,4,1,1,0,0,0,0,0,0,0,1,1,0,1,1,1,0,0,0,1,0
37,10,2,12,0,18,2,0,1,3,0,0,1,0,0,0,0,0,0,0,1,0,1,1,1,0,0,0,1,0
40,2,2,22,1,20,3,0,0,5,0,0,1,0,0,1,0,0,0,0,0,1,0,0,0,0,0,1,0,0
38,2,1,23,1,1,3,0,0,5,0,1,0,0,0,1,0,0,0,0,1,1,0,1,1,0,0,1,0,0
19,2,1,12,0,1,3,0,0,0,1,0,1,1,0,0,0,0,0,0,1,0,1,0,1,0,0,0,1,0
57,29,4,12,1,32,3,0,0,2,0,0,1,0,0,0,1,0,0,0,1,0,0,0,0,0,0,0,1,0
54,8,2,11,0,19,3,0,0,0,0,0,1,0,0,1,0,0,0,0,0,0,1,0,1,0,0,0,0,0
31,20,3,12,0,12,2,0,0,4,1,1,0,0,1,0,0,0,0,0,1,1,0,0,1,0,0,1,0,0
40,28,3,15,1,20,2,0,1,3,0,0,0,0,0,0,0,1,0,0,1,0,0,0,1,0,1,0,0,0
26,24,1,18,0,1,3,0,0,2,1,0,1,0,0,1,0,0,0,0,1,0,1,1,0,0,0,1,0,0
38,10,2,19,1,18,4,0,0,0,0,0,1,0,1,0,0,0,0,0,0,1,0,0,0,0,0,1,0,0
24,17,1,21,1,1,2,0,0,5,0,0,1,0,0,1,0,0,0,0,1,1,0,0,1,0,0,0,1,0
30,12,1,18,1,1,2,0,0,4,1,1,0,0,0,0,0,0,1,0,1,1,0,0,0,0,0,1,0,0
20,1,1,13,0,1,0,0,0,0,0,0,1,0,0,0,0,0,0,1,0,0,1,0,0,1,0,1,0,0
43,6,4,14,1,21,3,0,0,4,0,0,1,0,0,0,0,0,0,0,1,0,0,1,0,0,1,0,0,0
30,3,1,20,1,1,2,0,0,4,0,1,0,0,0,0,0,0,0,1,0,0,0,0,1,0,0,0,0,1
45,26,2,14,2,5,4,0,0,0,1,1,0,0,0,0,0,1,0,0,0,1,0,0,0,0,1,0,0,0
20,10,1,11,0,1,5,1,1,1,1,0,1,0,0,0,0,0,0,1,1,0,1,1,1,0,0,1,0,0
35,3,1,18,2,1,3,0,0,0,0,0,0,0,0,1,0,0,0,0,1,1,0,0,1,0,0,1,0,0
37,10,1,17,0,4,2,0,0,5,0,0,1,0,0,0,0,0,0,1,1,0,1,0,1,0,0,0,1,0
38,1,3,14,0,10,4,0,0,4,0,0,1,0,0,0,0,0,0,0,0,0,1,1,0,0,0,0,0,0
29,10,1,11,0,1,6,0,0,5,0,0,1,0,0,0,0,0,1,0,1,0,1,0,0,0,0,1,0,0
35,2,2,11,1,16,2,0,0,0,0,0,0,0,1,0,0,0,0,0,0,0,0,0,0,1,0,0,1,0
38,2,1,13,1,6,0,0,1,1,0,0,1,0,0,0,0,0,0,1,1,1,0,1,1,0,0,0,0,0
24,9,1,11,3,1,4,0,0,3,0,0,0,0,0,1,0,0,0,0,1,0,0,0,0,1,0,0,0,1
29,1,1,11,1,1,1,0,0,3,1,0,1,0,0,1,0,0,0,0,0,1,0,1,0,1,0,1,0,0
40,16,2,14,0,10,6,0,0,2,0,1,0,0,0,1,0,0,0,0,1,0,1,0,0,1,1,0,0,0
45,2,1,14,0,1,3,0,0,4,0,0,1,0,0,0,0,0,0,1,0,0,1,0,0,0,1,0,0,0
37,16,2,19,2,9,2,0,0,0,0,0,1,0,0,0,0,1,0,0,1,0,0,0,0,1,0,0,1,0
32,25,1,24,0,1,2,0,1,2,1,0,1,0,0,1,0,0,0,0,1,0,1,1,0,1,0,0,1,0
58,2,1,14,1,3,3,0,0,0,1,1,0,0,0,1,0,0,0,0,1,0,0,1,0,0,0,0,0,0
43,8,2,21,1,4,2,0,0,3,0,0,1,0,0,0,0,0,0,0,0,0,0,0,1,0,0,0,0,0
21,18,1,19,0,1,3,0,0,4,1,0,1,0,0,0,0,0,0,1,0,0,1,0,0,1,0,0,0,1
27,4,1,19,0,1,2,0,0,4,0,0,1,0,0,0,0,0,0,1,0,0,1,0,1,0,0,0,0,0
34,10,1,14,2,1,3,1,0,4,0,0,1,0,0,1,0,0,0,0,1,0,0,0,1,0,1,0,0,0
25,19,1,18,3,1,2,0,0,5,1,0,1,0,0,0,0,0,1,0,1,1,0,1,1,0,0,0,1,0
40,10,3,12,1,11,2,0,0,4,0,0,1,0,0,0,0,1,0,0,1,0,0,0,1,0,1,0,0,0
19,21,1,13,0,1,3,0,0,2,1,0,1,0,0,0,0,0,1,0,1,0,1,1,0,0,0,0,0,1
20,4,1,19,0,1,2,0,0,0,1,0,1,0,0,1,0,0,0,0,1,0,1,0,0,0,0,1,0,0
40,9,1,14,1,3,2,0,0,2,0,1,0,0,0,0,0,0,0,1,1,0,0,1,0,0,0,0,0,1
58,2,1,24,0,7,4,0,0,4,1,0,1,0,0,0,0,0,0,1,1,0,1,0,0,0,0,0,1,0
40,24,4,16,0,22,2,0,0,4,1,0,0,0,0,0,0,1,0,0,0,0,1,1,1,0,1,0,0,0
20,11,1,15,0,1,2,0,0,0,1,0,1,0,0,0,0,0,0,1,0,0,1,1,1,0,0,0,0,0
42,5,5,13,0,21,3,0,0,4,0,0,1,0,0,0,1,0,0,0,1,1,0,0,0,1,0,0,0,1
50,9,1,18,0,8,5,0,0,3,0,0,1,0,0,1,0,0,0,0,1,1,0,0,1,0,0,1,0,0
37,11,2,15,0,15,2,0,0,2,1,0,1,0,1,0,0,0,0,0,0,1,0,0,1,0,0,0,0,0
38,3,2,12,0,19,1,0,0,1,0,0,1,0,0,0,0,1,0,0,1,0,1,1,0,0,1,0,0,0
36,15,2,14,1,9,3,0,0,4,1,0,1,0,0,1,0,0,0,0,1,0,0,0,1,0,0,0,0,1
34,10,1,19,1,1,2,0,0,0,0,0,1,0,0,0,0,0,1,0,0,1,0,1,1,0,0,1,0,0
28,10,1,22,0,1,5,0,0,0,0,0,1,0,0,0,0,0,1,0,1,1,0,0,0,0,0,0,0,1
43,25,3,13,1,18,5,0,0,4,0,0,1,0,0,0,0,1,0,0,1,0,0,0,0,1,0,0,1,0
21,10,1,13,0,1,6,1,0,1,1,0,1,0,0,1,0,0,0,0,0,0,1,0,0,0,0,0,0,1
37,10,2,14,3,8,5,0,0,3,0,0,1,0,0,0,0,1,0,0,0,0,0,1,0,1,0,1,0,0
26,21,1,20,1,1,0,0,0,0,1,0,1,0,0,1,0,0,0,0,1,0,0,0,1,0,0,0,0,1
28,1,1,15,2,1,2,0,0,0,1,1,0,0,0,1,0,0,0,0,1,0,0,0,0,0,0,0,0,1
38,2,3,16,0,10,2,0,0,3,0,0,1,0,0,0,0,1,0,0,1,0,1,0,0,1,0,1,0,0
42,29,2,19,0,16,3,0,0,0,0,0,1,0,0,1,0,0,0,0,1,0,1,0,1,0,0,0,0,1
41,12,1,11,1,6,4,0,0,1,0,0,1,0,0,1,0,0,0,0,1,1,0,1,1,0,0,0,0,0
28,12,1,11,0,1,4,0,0,4,1,0,1,0,0,1,0,0,0,0,0,1,0,1,1,0,0,0,0,1
40,26,2,13,1,16,3,0,0,5,0,1,0,0,0,0,0,0,0,1,0,1,0,1,0,1,0,1,0,0
32,2,1,12,3,1,3,0,0,4,0,0,0,0,0,0,0,0,1,0,0,0,0,0,1,0,1,0,0,0
19,9,1,25,0,1,4,0,0,5,0,0,1,0,0,0,0,0,0,1,1,0,1,0,0,0,0,0,0,1
41,5,1,17,1,5,2,0,0,0,1,0,0,0,0,0,0,0,0,1,1,0,0,0,0,0,0,0,1,0
24,17,1,13,1,1,3,0,0,5,1,0,1,0,0,1,0,0,0,0,0,1,0,0,1,0,0,0,0,1
42,26,3,17,0,20,6,0,0,1,0,1,0,0,0,0,0,0,0,0,0,1,0,1,0,1,0,0,0,0
19,10,1,25,0,1,2,0,0,1,1,0,0,0,0,0,0,0,0,1,0,0,1,1,0,1,0,0,1,0
49,4,5,13,1,23,2,0,0,4,0,0,1,0,0,0,1,0,0,0,1,1,0,0,0,0,0,1,0,0
48,2,1,11,0,7,4,0,0,3,0,0,1,0,0,1,0,0,0,0,1,0,1,0,0,1,0,0,0,1
48,1,5,12,0,25,3,0,0,5,0,0,1,0,0,0,0,0,0,0,1,0,1,0,0,1,0,0,0,1
34,20,1,17,0,2,5,0,0,5,0,0,1,0,0,0,0,0,0,1,0,1,0,0,1,0,1,0,0,0
19,25,1,12,0,1,2,0,1,3,0,0,1,0,0,0,0,0,0,1,0,0,1,1,0,0,0,0,0,1
23,1,1,22,1,1,2,0,1,2,0,0,1,0,0,0,0,0,0,1,1,1,0,0,1,0,0,0,0,0
25,24,1,14,0,1,4,1,0,0,1,1,0,0,0,0,0,0,1,0,1,0,1,1,1,0,0,0,0,0
42,7,2,16,0,18,2,0,0,5,0,0,1,0,0,0,0,0,0,1,0,1,0,1,1,0,0,0,1,0
27,11,1,14,1,5,4,0,0,2,0,0,1,0,0,0,0,0,1,0,0,1,0,0,0,0,0,0,1,0
31,2,1,14,0,3,3,0,0,1,1,1,0,0,0,0,0,0,1,0,0,0,1,0,0,0,1,0,0,0
31,1,1,12,0,1,3,0,0,0,1,1,0,0,0,0,0,0,1,0,0,0,1,0,0,1,1,0,0,0
31,8,1,12,0,1,3,0,0,5,1,0,1,0,0,0,0,0,0,1,0,0,1,0,0,0,0,1,0,0
39,2,1,23,0,11,2,0,0,4,1,0,0,0,0,1,0,0,0,0,0,0,1,1,0,0,0,0,1,0
44,1,2,12,1,11,4,0,0,0,0,1,0,0,0,0,0,1,0,0,0,1,0,0,0,0,0,0,1,0
30,7,1,13,2,1,2,0,0,4,0,0,0,0,0,0,0,0,0,1,1,0,0,0,0,0,0,0,0,0
35,7,1,13,1,1,3,0,0,4,0,0,1,0,0,0,0,0,1,0,1,1,0,0,0,0,1,0,0,0
24,13,1,13,1,1,2,0,0,4,0,0,0,0,0,0,0,0,1,0,0,1,0,0,1,0,1,0,0,0
28,1,1,14,1,1,2,0,0,4,0,0,1,0,0,0,0,0,0,1,1,0,0,0,0,0,0,0,0,0
42,2,1,14,1,4,3,0,0,5,0,0,1,0,0,1,0,0,0,0,1,1,0,0,0,0,0,0,1,0
24,21,1,14,3,2,3,0,0,4,0,0,1,0,0,1,0,0,0,0,1,0,0,0,1,0,0,0,0,0
29,9,1,18,2,5,2,0,0,3,0,0,1,0,0,0,0,0,0,1,1,1,0,0,0,0,0,0,0,1
35,2,1,12,1,1,2,0,0,3,1,0,1,0,0,1,0,0,0,0,0,0,0,1,1,0,0,0,0,1
34,7,1,13,0,1,4,0,0,2,0,0,1,0,0,0,0,0,0,1,1,0,1,0,1,0,0,1,0,0
26,3,1,21,0,1,5,0,0,2,0,0,1,0,0,0,0,0,0,1,0,1,0,0,0,0,0,0,0,0
36,1,2,13,0,15,5,0,0,5,0,0,1,0,0,0,0,1,0,0,0,0,1,0,0,1,0,0,0,0
50,9,5,16,1,27,2,0,0,4,0,0,1,0,0,0,1,0,0,0,1,1,0,1,1,0,0,1,0,0
42,9,5,22,0,24,2,0,1,1,0,0,1,0,0,0,1,0,0,0,1,0,1,0,0,0,0,0,0,0
35,7,1,18,1,1,5,0,1,1,0,0,1,0,0,1,0,0,0,0,1,1,0,0,0,0,0,0,1,0
28,24,1,17,3,1,3,0,0,1,1,0,1,0,0,1,0,0,0,0,1,1,0,1,1,0,1,0,0,0
32,2,1,12,0,1,2,0,0,4,1,0,1,0,0,1,0,0,0,0,1,0,1,0,1,0,0,1,0,0
60,1,3,20,1,19,2,0,0,1,0,0,1,0,1,0,0,0,0,0,1,0,0,0,0,0,0,1,0,0
24,22,1,11,1,1,2,0,0,1,1,0,1,1,0,0,0,0,0,0,1,1,0,0,1,0,0,0,0,0
40,8,2,16,1,18,3,0,0,0,0,0,1,0,0,0,0,0,0,0,0,1,0,1,0,0,1,0,0,0
47,2,2,11,1,4,3,0,0,0,0,0,0,0,0,0,0,1,0,0,1,1,0,0,0,1,1,0,0,0
31,16,3,13,3,10,2,0,0,4,1,0,1,0,0,0,0,1,0,0,1,1,0,0,0,1,0,0,1,0
29,4,1,13,1,1,2,0,0,3,0,0,1,0,0,0,0,0,0,1,0,0,0,0,1,0,0,0,0,1
38,18,2,16,1,15,2,1,0,2,0,0,1,0,1,0,0,0,0,0,1,1,0,1,0,1,0,0,1,0
43,17,1,16,1,6,4,0,0,3,1,1,0,0,0,0,0,0,0,1,1,1,0,1,0,0,1,0,0,0
55,2,5,12,3,34,2,0,0,4,0,0,1,0,0,0,0,0,0,0,1,1,0,0,0,0,0,0,0,0
21,7,1,13,0,1,3,1,0,5,1,0,1,0,0,0,0,0,1,0,1,0,1,0,0,1,0,0,1,0
22,8,1,17,0,1,6,0,0,5,1,0,1,0,0,1,0,0,0,0,0,1,0,1,1,0,0,1,0,0
31,18,1,17,0,2,4,0,0,4,1,0,1,1,0,0,0,0,0,0,1,1,0,0,0,0,0,0,1,0
36,2,2,22,1,15,2,0,0,4,0,0,1,0,0,0,0,0,0,1,0,1,0,1,0,1,0,0,0,1
29,6,1,11,0,1,3,0,0,1,0,0,1,1,0,0,0,0,0,0,1,1,0,0,0,1,1,0,0,0
29,24,1,24,0,1,3,1,0,3,1,1,0,0,0,0,0,0,0,1,1,0,1,1,0,1,0,1,0,0
28,3,1,19,1,1,3,0,0,3,0,0,1,0,0,0,0,0,1,0,0,1,0,0,0,0,0,0,0,0
30,9,1,13,0,1,3,0,0,0,1,0,1,0,0,0,0,0,1,0,1,0,1,0,1,0,0,0,0,0
22,7,1,23,0,1,2,0,0,0,1,0,1,0,0,0,0,0,0,1,1,0,1,1,1,0,0,0,0,1
26,1,1,13,1,1,3,1,0,1,0,0,1,0,0,0,0,0,0,1,0,1,0,1,0,1,0,1,0,0
29,24,1,17,0,1,3,0,0,5,1,1,0,0,0,0,0,0,1,0,1,0,1,0,0,1,1,0,0,0
58,21,4,13,1,29,2,0,0,2,0,0,1,0,0,0,1,0,0,0,0,1,0,1,0,1,0,1,0,0
27,22,1,12,0,1,2,0,0,3,1,1,0,1,0,0,0,0,0,0,0,1,0,0,0,1,0,1,0,0
38,1,1,14,0,20,3,0,0,3,0,0,1,0,0,0,0,0,1,0,1,0,1,0,1,0,0,0,0,1
32,5,2,24,0,8,1,0,0,3,0,0,1,0,0,0,0,0,0,0,1,0,1,0,0,0,0,0,0,0
31,2,1,11,3,1,4,0,0,4,0,0,1,0,0,1,0,0,0,0,0,0,0,1,0,0,1,0,0,0
33,1,1,12,3,1,2,0,0,0,0,0,0,0,0,1,0,0,0,0,1,0,0,0,0,0,0,0,0,0
40,1,1,19,2,8,3,0,0,1,0,0,1,0,0,1,0,0,0,0,1,1,0,0,1,0,0,1,0,0
23,9,1,19,1,1,3,1,0,2,1,1,0,0,0,0,0,0,1,0,1,1,0,0,1,0,0,0,1,0
27,2,1,12,1,6,3,2,2,0,0,0,1,0,0,1,0,0,0,0,1,1,0,0,0,0,1,0,0,0
34,19,1,11,1,3,2,1,2,2,0,0,1,0,0,1,0,0,0,0,1,0,0,0,1,0,0,0,0,1
46,2,5,12,0,22,2,2,1,2,0,0,1,0,0,0,1,0,0,0,0,0,1,0,0,1,0,0,1,0
24,1,1,16,1,6,2,2,0,1,1,0,1,0,0,0,0,0,0,1,1,1,0,1,0,1,0,0,0,1
35,2,1,13,0,2,3,2,2,1,0,0,1,0,0,0,0,0,1,0,0,1,0,0,1,0,0,1,0,0
28,5,1,13,0,2,3,2,2,2,1,0,1,0,0,1,0,0,0,0,1,0,1,1,0,0,0,1,0,0
26,23,2,19,1,5,2,0,0,4,0,0,1,0,0,0,0,1,0,0,0,1,0,1,1,0,0,0,1,0
35,23,1,15,1,4,3,2,2,3,0,0,1,0,0,1,0,0,0,0,0,1,0,1,0,1,0,0,0,1
25,7,1,11,2,2,2,2,1,4,0,0,1,0,0,0,0,0,0,1,1,1,0,0,0,0,1,0,0,0
22,2,1,14,1,3,2,2,1,4,0,0,1,0,0,1,0,0,0,0,1,1,0,0,1,0,1,0,0,0
50,12,3,11,0,16,3,2,1,5,0,1,0,0,0,0,0,1,0,0,0,0,1,0,0,0,0,1,0,0
31,20,2,11,1,4,2,2,2,0,1,0,1,0,0,0,0,1,0,0,0,1,0,1,0,1,0,1,0,0
25,28,2,18,0,6,3,2,2,1,0,0,1,0,0,0,0,1,0,0,1,1,0,0,0,0,0,0,0,1
22,19,1,24,2,2,6,2,2,5,0,0,1,0,0,0,0,0,0,1,1,1,0,0,0,1,0,0,0,1
27,9,1,18,1,6,1,2,2,4,0,0,0,0,0,0,0,0,0,1,1,0,0,0,0,0,1,0,0,0
56,8,1,18,1,19,3,2,2,1,0,0,1,0,0,0,0,0,0,1,0,0,0,1,0,1,1,0,0,0
38,9,1,12,0,2,3,2,1,5,0,0,1,0,0,1,0,0,0,0,0,0,1,0,1,0,0,0,0,1
27,1,2,19,1,6,1,2,0,4,0,1,0,0,0,0,0,0,0,0,1,1,0,0,0,0,0,0,1,0
52,2,1,15,0,6,3,2,2,2,0,0,1,0,0,1,0,0,0,0,0,0,1,0,0,0,1,0,0,0
59,6,1,17,0,7,2,2,2,2,0,0,1,1,0,0,0,0,0,0,1,1,0,0,0,0,0,0,1,0
31,3,3,12,1,9,3,2,2,1,0,1,0,0,0,0,0,0,0,0,1,0,0,0,0,0,1,0,0,0
33,5,1,13,1,2,2,0,2,4,0,0,1,0,0,0,0,0,0,1,0,1,0,0,0,1,0,0,0,0
38,23,2,14,1,10,2,1,2,5,0,0,1,0,1,0,0,0,0,0,1,0,0,0,1,0,0,0,0,0
31,5,1,11,1,2,5,2,2,0,0,1,0,0,0,0,0,0,1,0,0,0,0,0,1,0,0,0,1,0
31,2,2,12,0,9,1,1,0,1,0,0,1,1,0,0,0,0,0,0,1,1,0,0,0,0,0,1,0,0
31,2,1,18,1,3,2,2,2,2,0,0,1,0,0,0,0,0,0,1,1,0,0,1,0,1,0,0,0,0
30,25,2,12,1,4,2,2,2,0,0,0,0,0,0,0,0,1,0,0,0,1,0,1,0,1,1,0,0,0
31,9,1,16,0,3,5,2,2,5,0,0,1,0,0,0,0,0,0,1,1,0,1,1,0,1,0,1,0,0
36,2,1,13,1,6,3,2,2,4,0,0,1,0,0,0,0,0,0,1,0,1,0,0,0,0,0,0,0,0
22,11,1,13,1,2,1,1,2,4,0,0,1,0,0,0,0,0,0,1,0,1,0,0,0,0,0,1,0,0
25,3,1,13,1,6,5,0,2,2,1,0,1,0,0,1,0,0,0,0,1,1,0,0,0,0,0,0,1,0
45,10,1,21,2,8,3,0,2,2,0,0,1,0,0,0,0,0,0,1,1,1,0,0,1,0,0,0,0,1
34,6,1,16,1,3,3,1,0,1,1,1,0,0,0,0,0,0,1,0,0,0,0,0,1,0,0,0,1,0
29,25,1,16,0,6,2,1,1,4,1,0,1,0,0,0,0,0,0,1,0,1,0,0,1,0,1,0,0,0
42,5,1,17,1,8,4,2,0,2,0,1,0,0,0,1,0,0,0,0,1,1,0,0,0,0,0,0,0,1
22,4,1,16,0,4,3,1,2,2,1,1,0,0,0,1,0,0,0,0,1,0,1,0,0,0,1,0,0,0
46,18,3,11,0,28,3,1,2,1,0,1,0,0,1,0,0,0,0,0,0,1,0,0,0,0,0,0,0,0
24,24,1,13,2,3,3,2,1,2,0,1,0,0,0,0,0,0,1,0,1,1,0,0,1,0,0,0,0,0
44,1,2,11,0,10,1,0,2,0,0,0,1,1,0,0,0,0,0,0,0,0,1,0,0,1,0,0,0,1
44,3,5,12,1,26,2,0,1,2,0,0,1,0,0,0,1,0,0,0,1,1,0,1,1,0,0,0,0,1
22,6,1,20,0,3,3,2,2,1,0,0,1,0,0,0,0,0,0,1,1,1,0,0,1,0,1,0,0,0
48,2,2,12,0,12,3,2,2,4,0,0,1,0,0,0,0,1,0,0,1,1,0,0,0,1,0,1,0,0
24,3,2,14,0,4,3,2,0,3,1,0,1,0,0,0,0,1,0,0,0,0,1,0,0,0,0,1,0,0
60,16,2,14,0,10,1,2,2,1,0,0,1,0,0,0,0,1,0,0,1,0,1,0,1,0,0,0,1,0
50,8,1,15,1,4,2,2,2,3,0,0,1,0,0,0,0,0,1,0,1,1,0,0,0,1,0,0,0,1
42,19,1,12,0,7,2,2,2,4,1,1,0,0,0,0,0,0,0,1,1,0,0,1,1,0,0,0,0,1
43,15,2,18,1,7,5,2,2,5,0,1,0,0,0,0,0,1,0,0,1,1,0,0,1,0,0,1,0,0
29,10,1,14,2,2,2,2,2,5,0,0,1,0,0,0,0,0,1,0,1,0,0,0,1,0,0,0,0,1
53,6,2,17,0,19,4,2,2,5,0,0,1,0,0,1,0,0,0,0,1,0,1,0,1,0,1,0,0,0
23,10,1,18,0,2,3,0,2,2,0,0,1,0,0,0,0,0,0,1,1,0,1,0,0,0,0,0,0,0
26,1,1,14,1,5,2,2,0,5,0,1,0,0,0,1,0,0,0,0,0,0,0,0,0,0,1,0,0,0
30,1,1,21,2,7,2,0,2,0,0,0,1,0,0,1,0,0,0,0,1,1,0,0,1,0,0,0,0,1
35,1,1,13,0,7,0,2,2,3,0,0,1,0,0,0,0,0,0,1,0,0,1,0,0,1,0,0,1,0
28,2,1,17,0,5,3,2,1,0,1,0,1,0,0,0,0,0,0,1,1,0,1,0,0,0,0,0,0,0
22,1,2,22,2,4,2,2,2,3,0,0,1,0,0,0,0,0,0,0,1,1,0,0,0,0,0,0,0,0
42,2,1,14,0,8,2,2,2,1,0,1,0,0,0,0,0,0,0,1,1,0,1,1,0,0,0,1,0,0
38,9,1,19,1,3,3,1,2,4,0,0,1,0,0,0,0,0,1,0,1,1,0,0,0,1,0,0,1,0
53,8,4,14,1,28,3,2,2,3,0,0,1,0,0,0,0,1,0,0,1,1,0,0,1,0,0,0,0,1
20,2,1,13,0,2,3,0,2,5,1,0,1,0,0,0,0,0,1,0,0,0,1,0,1,0,0,1,0,0
28,9,1,18,1,6,2,2,2,1,0,0,1,0,0,0,0,0,0,1,0,0,0,0,1,0,1,0,0,0
39,6,1,21,0,8,2,2,2,0,1,0,1,0,0,1,0,0,0,0,1,1,0,1,1,0,0,1,0,0
27,16,1,14,1,4,2,2,2,5,0,0,1,0,0,1,0,0,0,0,0,1,0,0,0,1,0,0,0,1
38,10,1,17,1,3,0,0,2,3,0,1,0,0,0,0,0,0,0,1,1,1,0,0,0,1,0,1,0,0
48,6,2,13,0,19,0,2,2,2,0,0,1,0,1,0,0,0,0,0,1,0,1,0,1,0,0,1,0,0
41,7,2,14,0,8,6,2,1,4,0,0,1,0,0,0,0,0,0,0,0,0,1,0,0,1,1,0,0,0
26,29,2,18,0,7,6,2,2,5,1,0,0,0,0,0,0,1,0,0,1,0,1,0,0,0,1,0,0,0
33,8,1,19,0,3,2,2,2,5,0,0,0,0,0,0,0,0,1,0,0,0,1,0,0,1,0,0,0,1
38,3,1,16,1,8,2,2,2,4,0,1,0,0,0,0,0,0,0,1,1,1,0,0,1,0,0,0,0,1
46,1,5,17,2,23,0,2,2,0,0,0,1,0,0,0,0,0,0,0,1,0,0,0,1,0,0,0,1,0
20,9,1,14,0,2,3,0,2,1,1,1,0,0,0,0,0,0,1,0,0,0,1,1,0,1,0,0,0,1
33,25,1,20,0,5,0,2,2,2,1,0,1,0,0,0,0,0,0,1,1,0,1,1,0,0,1,0,0,0
21,1,1,11,0,2,6,2,2,4,0,0,1,0,0,0,0,0,0,1,0,0,1,1,0,0,0,1,0,0
31,20,1,12,1,3,4,2,2,5,0,1,0,0,0,0,0,0,1,0,1,1,0,0,1,0,0,0,1,0
31,15,1,12,1,2,5,2,2,3,1,1,0,0,0,1,0,0,0,0,1,1,0,0,1,0,1,0,0,0
35,4,1,13,1,2,2,2,2,5,0,1,0,0,0,1,0,0,0,0,1,1,0,0,1,0,1,0,0,0
20,3,1,12,0,2,2,1,2,1,0,0,1,0,0,1,0,0,0,0,1,0,1,0,0,0,0,1,0,0
50,2,4,22,1,32,3,2,2,4,0,1,0,0,0,0,1,0,0,0,0,1,0,0,0,1,0,1,0,0
20,21,1,17,0,2,2,2,2,1,0,0,1,0,0,0,0,0,1,0,1,0,1,0,0,0,0,1,0,0
32,13,1,20,1,2,2,2,2,4,0,1,0,0,0,1,0,0,0,0,0,1,0,0,1,0,0,0,1,0
21,10,1,20,0,2,2,2,2,1,1,1,0,0,0,1,0,0,0,0,0,0,1,0,1,0,0,0,0,0
28,2,1,12,1,2,2,2,2,3,0,1,0,0,0,1,0,0,0,0,1,1,0,1,0,0,0,0,1,0
25,1,1,18,0,2,3,2,1,2,0,0,1,0,0,0,0,0,0,1,0,0,1,0,1,0,0,0,1,0
58,23,1,12,2,2,3,2,2,3,0,0,1,0,0,0,0,0,0,1,1,0,0,0,1,0,0,0,0,0
35,18,3,11,0,10,2,2,2,3,0,1,0,0,0,0,0,0,0,0,1,0,1,0,0,1,0,0,1,0
31,2,1,13,1,7,2,2,2,0,1,1,0,0,0,1,0,0,0,0,1,1,0,1,1,0,0,1,0,0
48,7,2,11,3,15,3,2,2,4,0,0,1,0,0,0,0,1,0,0,1,0,0,0,1,0,0,0,0,1
34,9,1,15,0,2,0,2,2,0,1,0,1,1,0,0,0,0,0,0,0,1,0,0,0,0,0,0,0,1
30,16,2,15,2,4,2,2,2,2,0,0,1,0,0,0,0,1,0,0,1,1,0,0,1,0,1,0,0,0
44,2,3,18,0,16,2,2,2,5,0,1,0,0,0,0,0,0,0,0,1,0,1,1,0,0,0,1,0,0
39,6,3,18,0,9,3,2,2,0,0,0,1,0,0,0,0,0,0,0,0,0,1,0,1,0,0,0,0,0
40,8,2,18,0,8,2,2,2,4,0,0,0,0,1,0,0,0,0,0,1,0,0,1,1,0,0,0,1,0
33,8,2,13,1,8,6,2,2,4,0,0,1,0,0,0,0,1,0,0,1,1,0,0,1,0,1,0,0,0
34,1,2,17,1,9,3,2,1,0,0,0,1,0,0,0,0,0,0,1,1,1,0,0,1,0,0,1,0,0
23,10,1,16,1,4,2,2,2,0,0,0,1,0,0,0,0,0,0,1,1,1,0,0,1,0,0,0,0,0
21,5,1,18,0,3,2,2,2,4,0,0,1,0,0,0,0,0,0,1,1,0,1,0,1,0,0,0,0,0
48,4,4,25,1,23,3,2,2,0,0,1,0,0,0,0,1,0,0,0,1,1,0,0,1,0,0,0,0,0
35,15,2,14,2,7,2,2,2,1,1,0,1,0,0,0,0,1,0,0,1,0,0,1,0,1,0,0,0,0
20,2,1,19,0,2,3,2,2,1,0,0,1,0,0,0,0,0,1,0,0,0,1,0,0,1,1,0,0,0
49,16,1,16,1,17,2,2,2,5,0,0,1,0,0,1,0,0,0,0,0,0,0,1,0,1,0,0,1,0
41,23,3,16,0,21,2,0,2,0,0,0,1,0,0,0,0,1,0,0,1,0,1,1,0,0,0,0,1,0
20,9,1,11,0,2,3,0,2,0,0,0,1,0,0,0,0,0,1,0,1,0,1,0,0,0,0,1,0,0
44,1,1,18,3,8,2,2,2,4,0,0,1,1,0,0,0,0,0,0,0,0,0,1,1,0,0,0,1,0
36,13,2,13,3,16,3,2,2,4,1,0,1,0,0,0,0,1,0,0,1,0,0,1,0,1,0,0,1,0
24,10,1,14,1,3,2,2,1,2,0,1,0,1,0,0,0,0,0,0,1,1,0,0,1,0,0,0,0,0
29,9,1,13,0,2,3,2,2,5,1,0,1,0,0,0,0,0,1,0,0,0,1,0,0,1,1,0,0,0
34,3,2,12,0,6,3,2,2,1,0,0,1,0,0,0,0,1,0,0,0,0,1,0,1,0,1,0,0,0
51,3,3,11,0,15,2,2,2,1,0,0,1,0,0,0,1,0,0,0,0,1,0,0,1,0,0,0,0,0
46,2,5,17,1,24,3,2,2,3,0,0,1,0,0,0,0,0,0,0,1,0,0,1,0,0,0,0,0,1
46,26,2,15,0,6,3,2,2,5,0,0,0,0,0,0,0,1,0,0,1,0,1,0,0,0,1,0,0,0
39,20,2,18,1,7,6,2,2,2,0,1,0,0,0,0,0,1,0,0,1,0,0,0,0,0,1,0,0,0
58,15,4,14,0,23,3,2,2,0,0,1,0,0,0,0,0,0,0,0,1,1,0,1,1,0,1,0,0,0
29,13,1,15,3,4,3,2,0,3,1,0,1,1,0,0,0,0,0,0,1,0,0,1,1,0,0,0,1,0
47,9,1,12,0,7,2,2,0,1,0,0,1,0,0,1,0,0,0,0,0,0,1,0,0,0,0,0,0,0
32,2,2,12,0,7,3,2,2,5,1,0,1,0,0,0,0,1,0,0,1,0,1,1,0,1,0,0,0,0
39,19,2,14,3,7,2,2,2,1,0,0,1,0,0,0,0,0,0,1,1,0,0,0,0,1,0,1,0,0
44,1,2,15,1,10,5,2,2,0,0,0,1,0,1,0,0,0,0,0,1,1,0,0,1,0,0,0,1,0
31,4,1,12,1,4,0,2,2,4,0,0,1,0,0,1,0,0,0,0,0,0,0,0,1,0,1,0,0,0
28,13,2,11,0,6,0,2,2,4,1,0,1,0,0,0,0,1,0,0,0,0,1,1,0,1,0,0,1,0
53,24,3,13,0,15,2,2,2,5,1,0,1,0,0,0,0,1,0,0,1,0,1,1,0,0,0,0,0,1
25,2,1,14,0,6,3,1,2,3,0,0,1,1,0,0,0,0,0,0,0,1,0,0,0,1,0,1,0,0
25,2,1,19,1,7,2,0,2,2,0,0,1,0,0,1,0,0,0,0,1,0,0,1,0,0,1,0,0,0
31,2,1,19,1,3,1,1,2,0,0,0,1,0,0,0,0,0,1,0,1,1,0,0,1,0,0,0,1,0
35,11,1,11,1,5,3,2,2,2,0,0,1,0,0,1,0,0,0,0,1,1,0,1,0,1,0,0,0,1
32,1,1,14,1,3,2,2,2,3,0,0,1,0,0,0,0,0,1,0,1,1,0,0,0,1,0,0,0,1
21,5,1,11,0,2,6,1,2,4,0,0,1,0,0,0,0,0,1,0,1,0,1,1,0,1,0,0,0,1
29,1,1,14,3,4,3,2,2,0,1,0,1,0,0,0,0,0,0,1,1,1,0,1,0,1,0,1,0,0
40,2,1,14,0,8,2,2,2,4,0,0,1,0,0,0,0,0,0,1,1,0,1,0,0,1,0,0,0,1
38,2,1,11,0,6,3,1,2,3,0,0,1,0,0,0,0,0,0,1,1,0,1,1,0,1,0,0,1,0
50,3,1,14,0,3,2,0,2,3,1,0,1,0,0,0,0,0,1,0,1,1,0,1,0,0,0,0,0,0
35,1,1,13,1,5,2,1,2,2,0,1,0,0,0,0,0,0,0,1,1,1,0,0,1,0,0,0,1,0
24,3,2,21,1,4,2,0,2,1,0,0,1,0,0,0,0,1,0,0,0,1,0,0,1,0,1,0,0,0
44,23,2,12,1,17,3,1,2,5,0,0,0,0,0,1,0,0,0,0,1,1,0,0,1,0,1,0,0,0
37,6,1,22,0,7,3,0,2,1,1,0,1,1,0,0,0,0,0,0,1,0,0,1,1,0,0,0,0,1
59,2,5,21,1,30,3,2,2,4,0,0,0,0,0,0,1,0,0,0,0,1,0,0,0,1,1,0,0,0
43,28,1,12,0,18,2,1,2,2,0,1,0,0,0,0,0,0,0,1,0,0,1,0,1,0,0,0,0,0
36,6,2,20,2,7,0,0,1,0,0,0,1,0,0,0,0,0,0,0,1,0,0,0,1,0,0,0,0,0
38,3,2,20,0,19,2,2,2,5,0,0,1,0,0,0,0,0,0,1,0,0,1,1,1,0,0,1,0,0
30,5,1,14,1,8,3,2,2,0,0,0,1,0,0,0,0,0,0,1,0,0,0,0,1,0,1,0,0,0
33,2,1,14,0,4,2,0,2,0,0,0,1,0,0,0,0,0,0,1,1,0,1,0,0,0,0,0,1,0
34,27,1,15,0,9,3,1,2,5,0,0,1,0,0,0,0,0,0,1,0,0,1,0,1,0,0,1,0,0
50,1,1,15,1,5,2,0,2,5,0,0,1,0,0,1,0,0,0,0,1,1,0,0,0,1,1,0,0,0
40,9,2,14,1,5,5,0,2,3,0,0,0,0,1,0,0,0,0,0,1,1,0,0,1,0,0,1,0,0
33,4,1,21,0,7,3,1,1,1,0,0,1,0,0,0,0,0,0,1,0,1,0,0,0,0,1,0,0,0
32,1,1,14,0,4,2,1,2,0,1,0,1,0,0,1,0,0,0,0,1,0,1,1,1,0,0,0,0,1
39,1,1,14,3,7,1,1,2,5,0,0,1,0,0,1,0,0,0,0,0,0,0,0,0,0,0,0,0,1
32,26,2,18,0,4,2,2,2,3,0,0,0,0,0,0,0,1,0,0,1,1,0,0,0,1,0,1,0,0
37,1,1,14,1,17,2,0,2,5,0,0,1,0,0,0,0,0,0,1,0,1,0,0,0,1,0,0,0,1
45,7,2,17,1,9,1,0,2,1,0,1,0,0,0,0,0,0,0,0,1,1,0,0,1,0,1,0,0,0
42,17,2,13,0,10,1,0,2,3,0,0,1,0,0,0,0,0,0,1,0,0,1,1,0,0,0,0,0,1
29,20,2,14,1,10,2,0,2,4,0,0,1,0,0,0,0,1,0,0,1,0,0,0,0,0,0,0,0,1
21,3,1,17,0,3,4,1,0,2,0,0,1,0,0,0,0,0,0,1,1,0,1,0,0,1,1,0,0,0
26,16,1,13,1,5,2,0,2,2,1,0,1,0,0,1,0,0,0,0,1,0,0,1,0,0,0,1,0,0
49,10,5,11,0,22,4,1,2,3,0,1,0,0,0,0,0,0,0,0,0,0,1,1,1,0,1,0,0,0
28,2,1,13,0,5,4,2,2,2,1,0,1,0,0,0,0,0,0,1,1,1,0,1,1,0,0,1,0,0
47,5,5,11,1,21,2,1,1,1,0,0,1,0,0,0,0,0,0,0,1,1,0,0,1,0,0,0,1,0
29,9,1,17,0,4,2,2,2,1,0,0,1,0,0,1,0,0,0,0,1,0,1,0,0,1,1,0,0,0
42,2,1,11,1,4,5,1,0,4,0,0,1,1,0,0,0,0,0,0,1,0,0,1,0,0,0,0,1,0
21,1,1,11,0,3,3,1,2,3,1,1,0,0,0,0,0,0,1,0,0,0,1,1,0,1,0,0,0,1
57,1,2,11,0,15,2,1,2,4,0,0,1,0,1,0,0,0,0,0,1,1,0,0,0,0,0,0,1,0
21,9,1,24,0,3,3,2,2,3,0,0,0,0,0,0,0,0,1,0,1,0,1,0,0,0,1,0,0,0
29,23,1,16,0,6,4,1,2,3,0,0,1,0,0,0,0,0,0,1,1,0,1,0,1,0,1,0,0,0
34,4,2,15,1,6,3,1,2,4,0,0,0,0,0,0,0,1,0,0,0,1,0,0,0,0,0,0,1,0
43,21,1,20,1,8,1,1,2,3,0,1,0,0,0,1,0,0,0,0,1,1,0,0,0,0,1,0,0,0
26,23,1,22,2,3,3,0,2,2,0,0,1,0,0,0,0,0,0,1,0,0,0,0,0,0,0,1,0,0
46,2,4,13,0,26,2,0,1,2,0,0,1,0,0,0,0,0,0,0,1,1,0,0,0,0,0,0,0,0
46,10,3,19,1,15,3,1,2,0,0,0,1,0,0,0,0,1,0,0,0,1,0,1,0,0,0,0,1,0
30,7,1,14,0,4,3,1,2,2,0,0,1,0,0,0,0,0,1,0,1,0,1,0,0,0,1,0,0,0
34,23,3,15,3,11,2,0,2,0,1,1,0,1,0,0,0,0,0,0,0,0,0,1,1,0,0,0,1,0
29,19,2,12,2,8,2,1,2,2,0,0,1,0,0,0,0,0,0,0,1,0,0,0,0,0,1,0,0,0
31,13,2,17,0,9,2,1,2,4,1,0,1,0,0,0,0,1,0,0,1,0,0,0,0,0,1,0,0,0
35,25,2,14,0,9,3,0,2,2,0,0,1,0,0,1,0,0,0,0,1,0,1,0,0,1,1,0,0,0
37,2,2,11,1,17,3,1,0,4,0,0,1,0,0,0,0,1,0,0,1,1,0,1,1,0,0,0,0,1
48,1,4,11,1,21,3,0,2,4,0,0,1,0,0,0,1,0,0,0,0,1,0,0,0,1,0,0,1,0
21,22,1,11,0,3,2,1,2,4,0,0,1,0,0,0,0,0,1,0,1,0,1,0,0,0,0,0,0,1
26,6,1,13,1,3,2,0,2,5,0,0,1,0,0,1,0,0,0,0,0,1,0,1,1,0,0,0,0,0
36,9,2,11,1,13,2,0,2,5,0,0,1,0,0,0,0,0,0,0,1,0,0,1,1,0,0,0,0,0
23,4,1,16,1,5,3,0,2,5,0,0,1,0,0,0,0,0,0,1,1,1,0,0,0,1,0,0,0,1
25,8,2,22,1,4,4,1,2,1,0,0,1,0,0,0,0,1,0,0,1,1,0,0,1,0,0,0,0,0
35,8,1,16,1,3,1,0,2,1,0,0,1,0,0,0,0,0,1,0,0,1,0,0,0,1,0,0,0,0
34,8,2,17,1,6,1,1,2,3,0,0,1,0,0,0,0,1,0,0,0,1,0,0,0,1,0,0,0,1
33,16,2,15,0,6,3,0,2,1,1,0,1,0,0,0,0,1,0,0,0,0,1,0,0,0,0,0,1,0
34,3,1,19,1,4,1,0,2,0,0,0,1,1,0,0,0,0,0,0,1,1,0,0,1,0,0,1,0,0
44,8,1,24,1,10,2,0,2,4,0,0,1,0,0,1,0,0,0,0,1,1,0,1,1,0,0,0,1,0
32,1,1,12,1,4,2,0,2,1,0,0,0,0,0,1,0,0,0,0,1,0,0,0,1,0,0,0,1,0
29,1,1,19,3,5,3,0,2,1,1,0,1,0,0,0,0,0,1,0,0,0,0,1,1,0,0,0,1,0
47,2,1,18,0,3,3,1,2,0,0,0,1,0,0,0,0,0,1,0,0,0,1,1,0,1,0,0,0,0
22,3,2,19,1,4,3,0,2,5,1,0,1,0,0,0,0,0,0,0,0,1,0,1,0,0,1,0,0,0
33,1,1,11,0,6,1,0,2,4,0,0,1,0,0,0,0,0,0,1,1,0,1,1,0,1,0,0,0,1
32,1,1,20,0,5,3,0,2,3,0,0,0,0,0,1,0,0,0,0,0,1,0,0,0,1,0,1,0,0
29,20,1,15,1,3,5,0,2,3,0,1,0,0,0,0,0,0,1,0,0,1,0,0,0,1,0,1,0,0
31,9,1,22,0,4,0,1,2,1,1,0,0,0,0,0,0,0,0,1,1,0,1,1,1,0,1,0,0,0
33,13,1,18,0,5,4,0,2,5,0,0,1,0,0,0,0,0,0,1,0,0,1,0,1,0,0,0,0,1
30,5,1,17,0,4,3,1,2,1,1,1,0,0,0,1,0,0,0,0,0,0,1,0,0,1,1,0,0,0
27,2,2,18,1,4,2,2,2,5,0,0,1,0,0,0,0,0,0,0,0,1,0,0,1,0,0,0,0,1
35,10,1,20,1,3,4,1,2,2,0,0,1,0,0,1,0,0,0,0,1,0,0,0,0,1,0,0,0,0
26,2,1,14,1,6,2,1,2,5,1,1,0,0,0,0,0,0,0,1,1,1,0,1,0,0,0,1,0,0
27,8,1,19,3,3,4,1,2,0,0,0,0,0,0,1,0,0,0,0,1,1,0,0,1,0,0,0,0,0
55,2,3,18,1,23,4,1,2,1,0,1,0,0,0,0,0,0,0,0,1,1,0,0,0,0,0,0,1,0
33,5,3,15,1,9,2,1,2,4,0,0,1,0,1,0,0,0,0,0,1,0,0,0,1,0,0,0,0,1
33,7,2,17,1,4,3,0,2,5,0,1,0,0,0,0,0,1,0,0,0,1,0,0,0,1,0,0,0,0
34,2,2,11,0,5,3,0,2,4,0,1,0,0,0,0,0,0,0,0,1,0,1,0,0,0,0,0,0,0
28,6,1,14,1,3,2,0,2,4,0,1,0,0,0,0,0,0,0,1,1,0,0,1,0,1,0,0,0,1
45,7,1,19,1,7,2,0,2,0,0,0,1,0,0,0,0,0,0,1,0,1,0,1,1,0,0,1,0,0
29,1,1,15,3,3,5,1,2,0,0,0,1,0,0,0,0,0,0,1,0,0,0,0,0,0,0,0,0,0
34,2,2,12,0,4,3,0,2,1,0,0,1,0,0,0,0,1,0,0,0,0,1,1,1,0,1,0,0,0
35,6,1,14,0,4,3,2,2,0,0,0,1,0,0,0,0,0,0,1,1,1,0,1,1,0,0,0,0,1
28,1,1,11,0,5,2,1,2,3,0,0,1,0,0,0,0,0,0,1,1,0,1,0,0,1,0,0,1,0
50,28,4,11,0,25,2,1,2,0,0,0,1,0,0,0,0,0,0,0,0,1,0,1,0,1,0,0,1,0
31,1,1,11,0,3,2,2,2,4,1,1,0,0,0,0,0,0,1,0,0,0,1,1,0,1,1,0,0,0
44,3,1,12,0,10,4,1,2,1,1,0,1,0,0,1,0,0,0,0,1,1,0,0,1,0,1,0,0,0
25,19,1,11,3,7,6,1,2,3,0,0,1,0,0,1,0,0,0,0,1,1,0,0,1,0,0,1,0,0
32,2,2,13,3,4,3,1,2,2,0,0,1,0,0,0,0,1,0,0,1,1,0,1,0,0,0,0,0,1
25,18,2,11,0,6,3,1,2,0,0,0,1,0,0,0,0,1,0,0,1,1,0,0,1,0,0,1,0,0
37,11,1,18,0,8,6,0,2,5,0,0,1,0,0,1,0,0,0,0,0,0,1,0,1,0,0,1,0,0
25,1,1,11,1,7,2,0,2,1,0,0,1,0,0,1,0,0,0,0,1,1,0,0,1,0,0,0,0,1
30,7,2,14,2,8,3,0,2,4,0,0,1,0,0,0,0,1,0,0,0,0,0,0,0,1,0,1,0,0
31,8,4,11,0,9,3,1,0,5,0,0,1,0,0,0,0,0,0,0,0,0,1,0,0,1,0,0,1,0
36,16,2,13,2,11,3,0,2,2,0,0,1,0,0,0,0,1,0,0,0,1,0,0,1,0,0,0,1,0
25,9,1,12,0,6,2,2,2,0,1,0,1,0,0,0,0,0,1,0,1,1,0,0,0,1,0,0,0,0
56,1,1,22,1,5,3,1,0,2,0,0,1,0,0,0,0,0,0,1,0,1,0,0,0,1,0,0,0,1
31,8,1,18,0,8,3,0,2,5,0,0,1,1,0,0,0,0,0,0,0,0,1,0,0,1,0,0,1,0
45,29,3,18,2,10,4,1,2,5,0,0,1,0,0,0,0,0,0,0,1,1,0,1,1,0,0,0,0,1
49,5,2,14,1,20,0,1,2,4,0,0,1,0,1,0,0,0,0,0,1,1,0,0,1,0,0,1,0,0
40,2,1,14,1,8,3,1,2,4,0,0,1,0,0,0,0,0,0,1,1,0,0,0,1,0,0,0,0,1
28,1,1,15,1,5,3,1,2,1,1,1,0,0,0,0,0,0,1,0,1,1,0,0,0,1,0,0,0,0
55,4,2,16,0,4,2,1,2,0,0,0,1,0,1,0,0,0,0,0,1,1,0,1,0,0,0,0,0,1
49,3,2,25,1,10,3,1,2,3,0,0,1,0,0,1,0,0,0,0,0,1,0,0,0,1,0,0,0,0
29,2,1,13,3,4,3,0,2,2,0,1,0,0,0,1,0,0,0,0,0,1,0,0,0,0,0,1,0,0
36,2,1,21,0,7,3,1,2,5,0,0,1,0,0,0,0,0,1,0,1,0,1,1,1,0,0,0,0,0
35,1,1,19,0,3,3,1,2,3,0,0,1,0,0,1,0,0,0,0,1,0,1,0,0,1,0,0,0,0
38,16,2,12,0,8,5,1,2,5,0,0,1,0,0,0,0,1,0,0,0,0,1,0,1,0,0,0,1,0
36,6,2,13,1,9,3,0,2,0,0,1,0,0,0,1,0,0,0,0,1,1,0,1,0,1,0,0,0,0
32,5,1,17,2,6,3,0,2,1,0,0,1,0,0,0,0,0,0,1,0,1,0,0,0,1,0,0,1,0
36,12,2,12,2,7,2,1,1,3,0,0,1,0,0,0,0,0,0,0,0,1,0,1,0,1,0,0,1,0
27,8,1,17,0,5,0,0,2,3,0,0,1,0,0,0,0,0,0,1,0,1,0,0,1,0,0,0,0,1
36,5,3,12,2,9,6,0,2,2,0,0,1,0,1,0,0,0,0,0,0,1,0,0,0,0,0,0,0,0
36,1,2,15,0,4,6,1,2,0,0,0,0,0,0,0,0,0,0,0,0,1,0,0,0,1,1,0,0,0
47,2,4,14,3,29,2,1,2,3,0,0,1,0,0,0,1,0,0,0,0,0,0,0,1,0,0,1,0,0
36,26,2,14,2,10,2,0,2,0,0,0,1,0,1,0,0,0,0,0,1,1,0,0,0,0,0,0,0,0
23,7,1,21,1,3,2,0,2,5,1,0,1,0,0,0,0,0,1,0,1,0,0,1,1,0,0,0,0,0
26,17,1,15,3,3,3,0,2,1,0,0,1,0,0,1,0,0,0,0,1,1,0,0,0,0,0,0,0,1
41,4,2,19,1,10,4,1,2,1,0,0,0,1,0,0,0,0,0,0,1,1,0,0,0,1,0,0,0,0
23,4,1,13,0,3,3,1,2,1,0,0,1,0,0,1,0,0,0,0,0,0,1,0,0,1,0,0,0,0
29,1,2,12,0,10,5,0,2,4,0,1,0,0,1,0,0,0,0,0,1,0,1,1,0,0,0,1,0,0
53,1,4,20,3,27,2,0,2,5,0,0,0,0,0,0,0,0,0,0,0,1,0,1,0,0,0,0,0,0
43,9,1,13,0,7,2,1,2,5,0,0,0,0,0,0,0,0,0,1,1,0,1,0,0,1,0,0,1,0
41,5,2,12,0,11,3,1,2,3,0,0,1,0,1,0,0,0,0,0,1,0,1,0,0,1,1,0,0,0
31,7,3,14,2,9,3,2,2,1,0,1,0,0,0,0,0,1,0,0,0,1,0,0,1,0,1,0,0,0
28,1,1,25,1,3,3,1,2,2,0,0,1,0,0,0,0,0,0,1,0,1,0,0,0,1,0,1,0,0
28,1,1,15,1,3,2,2,2,2,0,0,0,1,0,0,0,0,0,0,1,0,0,0,0,1,0,0,1,0
29,7,1,14,0,11,2,1,2,5,0,0,1,0,0,1,0,0,0,0,1,0,1,0,1,0,0,0,1,0
35,16,2,11,0,4,2,0,2,0,0,0,1,0,0,0,0,0,0,0,0,1,0,1,0,0,1,0,0,0
39,21,2,19,1,10,1,1,2,5,0,0,0,0,0,0,0,1,0,0,0,1,0,0,0,0,0,0,0,1
22,1,1,12,0,4,2,1,2,0,0,0,1,0,0,0,0,0,0,1,1,0,1,0,0,0,0,1,0,0
50,28,3,13,1,20,3,2,0,3,1,0,1,0,0,0,0,1,0,0,1,0,0,1,0,0,0,0,0,0
28,24,1,14,0,6,4,0,3,2,1,0,1,0,0,1,0,0,0,0,1,0,1,1,1,0,1,0,0,0
24,11,2,18,1,5,5,1,3,3,0,0,0,0,0,0,0,0,0,0,0,0,0,0,1,0,0,0,1,0
34,6,1,11,0,8,2,1,3,1,1,0,1,0,0,0,0,0,0,1,1,0,1,0,1,0,1,0,0,0
44,10,2,13,0,9,5,1,3,5,0,0,1,0,1,0,0,0,0,0,1,1,0,1,0,1,0,0,1,0
44,1,2,21,1,9,2,1,3,5,0,0,1,0,0,0,0,1,0,0,0,0,0,1,1,0,0,1,0,0
35,11,3,13,1,10,3,2,3,1,0,0,0,0,1,0,0,0,0,0,1,1,0,1,0,1,0,1,0,0
59,1,2,11,0,20,2,1,3,1,0,1,0,0,0,0,0,1,0,0,0,0,1,0,0,1,0,0,0,0
46,5,2,22,1,16,2,0,2,2,0,0,1,1,0,0,0,0,0,0,1,0,0,1,1,0,0,0,1,0
51,9,1,23,2,10,4,0,3,4,0,0,1,0,0,1,0,0,0,0,1,1,0,0,0,0,0,0,0,1
54,2,3,12,1,16,5,0,3,4,0,0,1,0,0,0,0,0,0,0,0,1,0,0,1,0,0,0,1,0
51,8,3,15,0,18,2,0,3,1,1,1,0,0,0,0,0,0,0,0,1,0,1,0,0,0,0,1,0,0
34,2,1,18,1,6,3,1,2,3,0,1,0,0,0,0,0,0,1,0,0,1,0,0,1,0,0,1,0,0
31,12,1,23,1,7,0,0,2,0,0,0,1,0,0,0,0,0,0,1,0,1,0,1,1,0,0,0,1,0
41,20,1,22,0,4,5,0,2,3,1,0,1,0,0,0,0,0,1,0,0,0,1,1,1,0,0,0,0,0
53,13,2,11,2,5,3,1,3,1,0,0,1,0,0,0,0,0,0,0,0,0,0,0,0,0,1,0,0,0
22,5,1,16,1,4,2,2,2,4,0,0,1,0,0,0,0,0,0,1,1,0,0,1,1,0,0,0,0,1
46,1,3,16,1,17,3,0,3,4,0,0,1,0,1,0,0,0,0,0,1,0,0,0,0,0,0,1,0,0
29,18,1,13,0,4,3,0,1,4,1,0,1,0,0,0,0,0,0,1,1,0,1,1,0,0,0,1,0,0
32,4,1,11,1,6,5,1,2,2,0,0,1,0,0,0,0,0,1,0,0,1,0,0,1,0,0,0,0,1
25,1,2,12,2,5,3,1,2,4,0,0,1,0,0,0,0,0,0,0,0,1,0,0,0,1,0,0,1,0
37,9,1,12,3,4,3,1,2,0,0,1,0,0,0,0,0,0,0,1,1,1,0,1,1,0,0,0,1,0
51,2,2,18,1,13,3,1,2,2,0,0,1,0,0,0,0,0,0,0,1,0,0,0,0,0,1,0,0,0
27,5,1,12,0,4,2,1,2,0,0,0,1,0,0,0,0,0,0,1,0,0,1,1,0,0,0,0,0,0
54,20,2,12,0,20,4,0,3,2,0,1,0,0,0,0,0,0,0,1,0,0,1,0,0,0,0,0,0,0
40,1,2,22,3,6,2,0,2,0,0,0,1,0,0,0,0,1,0,0,1,1,0,1,0,0,0,0,0,1
23,26,1,12,2,4,2,0,2,0,0,0,1,0,0,0,0,0,0,1,1,0,0,0,1,0,1,0,0,0
29,2,2,14,1,4,3,0,2,2,0,0,0,0,0,0,0,1,0,0,1,1,0,0,1,0,1,0,0,0
50,10,3,15,0,20,2,1,3,2,0,0,1,0,1,0,0,0,0,0,1,0,1,0,0,0,1,0,0,0
54,5,5,11,1,24,4,1,2,0,0,0,1,0,0,0,0,0,0,0,1,1,0,0,0,1,1,0,0,0
31,1,1,12,1,4,3,3,2,0,0,0,1,0,0,1,0,0,0,0,1,1,0,0,1,0,0,0,0,1
33,10,1,13,3,8,2,1,3,2,1,0,1,0,0,1,0,0,0,0,1,0,0,0,0,1,0,0,0,0
32,11,2,12,0,6,2,1,2,0,1,0,0,0,0,0,0,1,0,0,1,1,0,0,1,0,0,0,0,0
27,2,1,11,1,5,3,0,2,0,1,0,1,0,0,0,0,0,1,0,1,0,0,0,0,1,1,0,0,0
27,3,1,13,0,5,0,1,1,0,0,0,1,0,0,0,0,0,0,1,1,0,1,0,1,0,0,0,0,1
50,8,2,14,1,18,4,1,3,3,1,1,0,0,0,0,0,1,0,0,1,1,0,1,1,0,0,0,0,0
23,9,1,14,1,5,2,0,2,3,0,0,1,0,0,1,0,0,0,0,1,1,0,0,0,1,0,0,1,0
40,2,1,20,0,5,2,2,3,3,0,0,1,0,0,0,0,0,0,1,0,0,1,1,0,1,1,0,0,0
52,19,1,18,1,5,3,1,2,0,0,0,0,0,0,0,0,0,0,1,1,1,0,0,1,0,0,0,1,0
26,8,2,17,0,6,2,1,2,0,1,0,1,0,0,0,0,1,0,0,1,0,1,0,0,1,1,0,0,0
34,1,1,16,0,10,2,1,3,1,0,0,1,0,0,0,0,0,0,1,0,0,1,0,0,0,1,0,0,0
27,8,2,19,1,5,3,1,1,4,0,1,0,0,0,0,0,1,0,0,1,1,0,0,0,1,0,0,1,0
50,2,4,16,0,30,3,0,3,1,0,0,1,0,0,0,0,0,0,0,1,1,0,0,0,1,0,1,0,0
42,1,2,13,1,8,4,0,2,0,0,0,1,0,0,0,0,0,0,0,0,1,0,1,1,0,0,0,1,0
38,12,2,15,1,13,3,1,2,1,0,1,0,0,1,0,0,0,0,0,1,0,0,0,0,0,1,0,0,0
43,14,4,24,1,22,3,1,0,5,0,0,1,0,0,0,0,0,0,0,1,1,0,0,0,0,1,0,0,0
25,2,1,13,0,6,3,0,1,5,0,0,1,0,0,0,0,0,0,1,1,0,1,0,1,0,1,0,0,0
49,1,1,16,1,7,2,0,2,3,0,0,1,0,0,0,0,0,0,1,0,1,0,0,0,0,0,0,0,1
33,3,1,11,1,7,4,0,3,4,0,0,1,1,0,0,0,0,0,0,1,0,0,1,0,1,1,0,0,0
29,7,1,14,3,8,5,0,3,5,0,0,1,0,0,1,0,0,0,0,0,0,0,0,0,0,0,0,0,0
28,5,2,14,0,4,3,0,2,5,0,0,1,0,0,0,0,1,0,0,1,0,1,0,0,1,0,1,0,0
24,17,2,15,2,5,6,3,2,5,0,0,1,0,0,0,0,0,0,0,0,0,0,0,0,1,1,0,0,0
35,14,1,24,1,5,2,0,2,5,1,0,1,0,0,1,0,0,0,0,1,0,0,1,0,0,0,0,0,1
31,1,2,12,1,4,1,0,3,4,0,1,0,0,0,0,0,0,0,0,0,1,0,0,1,0,0,0,0,0
22,8,1,15,1,4,3,1,1,3,0,0,1,0,0,1,0,0,0,0,1,1,0,0,0,1,0,0,0,0
37,3,2,15,0,8,3,0,1,1,0,0,1,0,1,0,0,0,0,0,0,0,1,0,1,0,0,1,0,0
28,15,1,16,1,4,5,2,2,0,0,0,1,0,0,1,0,0,0,0,1,0,0,0,0,1,0,1,0,0
27,6,1,13,1,4,0,2,2,1,0,0,1,0,0,0,0,0,0,1,1,1,0,0,1,0,0,0,0,0
24,24,1,22,0,6,2,1,2,2,0,0,1,0,0,1,0,0,0,0,1,0,1,0,0,1,1,0,0,0
43,9,2,13,0,7,2,1,3,5,1,0,1,0,0,0,0,1,0,0,0,0,1,0,0,1,0,0,0,0
30,29,2,19,3,8,3,0,3,2,0,0,1,0,0,0,0,1,0,0,1,0,0,0,0,0,0,0,0,1
46,15,5,11,1,25,2,0,3,1,0,0,1,0,0,0,0,0,0,0,1,1,0,0,0,1,0,0,0,1
42,2,2,16,1,10,3,0,3,4,0,0,0,1,0,0,0,0,0,0,1,1,0,0,0,1,0,0,0,1
25,10,2,14,0,5,4,1,1,3,0,0,1,0,0,0,0,1,0,0,1,0,1,0,0,1,0,0,0,0
28,1,1,11,0,5,2,0,2,2,0,1,0,0,0,1,0,0,0,0,1,0,1,1,0,0,0,0,1,0
40,16,1,16,1,6,0,0,0,5,0,0,0,0,0,0,0,0,0,1,1,0,0,0,0,1,0,0,1,0
40,1,1,22,1,7,3,0,3,5,0,0,1,0,0,1,0,0,0,0,1,1,0,0,0,1,0,1,0,0
35,18,2,18,1,5,0,3,2,4,1,1,0,0,0,0,0,1,0,0,0,1,0,1,1,0,1,0,0,0
38,7,1,11,3,4,2,0,3,4,0,1,0,0,0,0,0,0,0,1,1,0,0,0,1,0,0,1,0,0
51,2,3,11,0,14,5,3,2,0,0,1,0,0,0,0,0,1,0,0,1,1,0,0,0,1,0,0,0,1
26,2,1,12,0,5,2,1,1,4,0,0,1,0,0,0,0,0,0,1,1,0,1,0,0,1,0,0,1,0
49,28,2,20,0,20,2,1,3,1,1,1,0,0,0,1,0,0,0,0,1,0,1,0,1,0,0,0,0,0
34,1,1,14,2,10,2,1,3,0,0,1,0,0,0,0,0,0,0,1,1,0,0,0,0,0,0,0,0,1
32,7,2,12,1,7,3,0,3,3,0,0,1,0,0,0,0,1,0,0,1,1,0,0,0,0,0,0,0,1
41,5,1,12,0,7,5,0,3,2,0,0,1,0,0,0,0,0,0,1,1,1,0,1,0,0,1,0,0,0
33,7,2,14,2,5,2,0,3,3,0,1,0,0,0,0,0,1,0,0,1,1,0,0,0,1,0,1,0,0
28,7,2,14,0,5,5,1,3,2,0,1,0,0,0,0,0,1,0,0,1,0,1,0,0,0,1,0,0,0
23,20,2,14,0,5,2,1,2,1,0,0,1,0,0,1,0,0,0,0,1,0,1,0,0,1,1,0,0,0
30,29,3,12,1,9,3,1,3,1,0,0,1,0,0,0,0,1,0,0,1,1,0,0,1,0,0,0,1,0
22,26,1,14,0,4,2,1,3,4,0,0,0,0,0,0,0,0,0,1,0,1,0,1,0,1,0,0,0,1
37,19,2,17,3,9,2,0,2,1,0,0,1,0,0,0,0,0,0,0,1,1,0,0,1,0,1,0,0,0
40,16,3,15,0,18,2,3,3,0,0,0,1,0,0,0,0,0,0,0,0,0,1,1,0,0,0,0,1,0
27,2,1,13,0,6,0,1,2,2,0,1,0,0,0,0,0,0,0,1,1,0,1,0,0,1,0,0,0,0
40,7,1,14,0,10,3,0,3,1,1,0,1,0,0,1,0,0,0,0,1,0,1,1,1,0,0,0,0,1
49,22,4,16,2,27,2,1,2,0,0,0,1,0,0,0,0,0,0,0,0,1,0,0,0,0,1,0,0,0
36,7,1,11,0,15,4,1,3,4,0,0,1,0,0,1,0,0,0,0,1,0,1,0,0,0,0,0,1,0
38,2,1,22,0,4,3,3,3,5,0,1,0,0,0,1,0,0,0,0,0,0,1,0,0,0,0,0,0,1
53,24,3,15,0,11,2,1,2,5,0,0,1,0,1,0,0,0,0,0,1,1,0,0,1,0,0,0,0,0
55,22,1,12,1,8,1,1,2,5,0,0,1,0,0,0,0,0,0,1,1,0,0,0,0,0,0,0,0,0
32,19,3,13,1,10,2,0,2,5,0,0,1,0,0,0,0,1,0,0,1,1,0,0,0,0,1,0,0,0
30,8,1,11,1,6,0,1,2,4,1,1,0,1,0,0,0,0,0,0,0,0,0,0,0,0,1,0,0,0
39,10,3,21,0,9,3,2,2,3,0,0,1,0,0,0,0,0,0,0,1,0,1,0,0,1,1,0,0,0
40,2,1,17,1,7,5,0,2,2,0,0,1,0,0,1,0,0,0,0,0,1,0,0,1,0,0,0,0,0
38,2,2,20,2,20,4,0,3,5,0,0,1,0,0,0,0,0,1,0,0,1,0,1,1,0,0,0,1,0
56,24,1,16,0,5,3,1,0,1,1,0,1,0,0,1,0,0,0,0,1,0,1,0,0,1,0,1,0,0
36,17,2,16,2,12,1,1,3,0,0,0,1,0,0,0,0,1,0,0,1,1,0,0,0,0,0,1,0,0
34,3,2,12,0,9,3,0,1,1,0,0,1,0,0,0,0,1,0,0,0,1,0,1,0,1,1,0,0,0
45,1,2,12,0,12,3,0,3,3,0,1,0,0,1,0,0,0,0,0,1,0,1,0,0,1,0,1,0,0
32,5,1,14,0,8,2,0,3,4,1,1,0,0,0,0,0,0,0,1,0,0,1,1,0,1,0,0,0,1
31,3,1,13,1,4,3,2,3,1,0,0,0,0,0,0,0,0,0,1,1,0,0,1,1,0,1,0,0,0
28,17,1,12,1,6,2,0,3,0,1,0,1,0,0,1,0,0,0,0,1,0,0,0,0,1,0,0,1,0
54,9,2,11,2,9,6,2,3,5,0,0,1,0,0,0,0,0,0,1,0,1,0,0,0,0,1,0,0,0
24,1,2,12,0,4,2,1,2,0,0,0,1,0,1,0,0,0,0,0,1,0,1,0,0,1,1,0,0,0
42,18,2,17,1,9,3,1,2,3,0,0,1,0,0,0,0,0,0,1,1,0,0,1,1,0,0,0,0,1
44,1,1,12,0,6,2,1,2,2,0,0,1,0,0,0,0,0,0,1,1,0,1,1,1,0,0,1,0,0
36,4,2,13,3,18,3,0,2,3,0,1,0,0,0,0,0,0,0,0,0,0,0,0,0,1,0,0,0,1
32,2,1,14,0,4,4,1,2,4,0,0,1,0,0,0,0,0,0,1,1,0,1,0,0,1,0,0,0,0
35,1,1,12,1,4,5,1,1,4,0,0,1,0,0,0,0,0,0,1,0,1,0,0,0,1,0,0,1,0
29,13,2,13,1,10,2,0,3,5,0,0,1,0,0,1,0,0,0,0,1,1,0,1,1,0,0,0,1,0
26,5,1,18,0,5,2,0,0,4,0,0,1,0,0,0,0,0,1,0,0,0,1,0,1,0,0,0,0,1
34,8,2,12,0,6,3,1,2,5,0,0,1,0,0,1,0,0,0,0,1,1,0,0,0,1,0,0,1,0
35,16,1,13,1,6,5,0,3,1,0,0,1,0,0,1,0,0,0,0,1,1,0,0,0,0,1,0,0,0
31,26,1,17,1,5,1,4,3,3,0,0,1,0,0,0,0,0,0,1,1,0,0,0,0,0,0,1,0,0
36,9,1,23,0,10,4,0,3,3,1,0,1,0,0,0,0,0,1,0,1,0,1,0,0,0,1,0,0,0
43,2,1,12,2,6,3,1,4,0,0,0,1,0,0,0,0,0,0,1,0,0,0,0,1,0,1,0,0,0
33,1,2,19,2,10,3,1,3,4,0,1,0,0,0,0,0,1,0,0,0,1,0,0,1,0,0,0,0,0
55,8,4,14,3,21,2,0,2,5,0,0,1,0,0,0,1,0,0,0,0,0,0,1,1,0,0,1,0,0
29,2,1,23,1,6,3,0,4,0,0,0,1,0,0,0,0,0,0,1,1,1,0,0,0,1,0,0,1,0
37,7,3,13,0,16,3,0,2,3,0,0,1,0,0,0,0,0,0,0,1,0,1,0,0,0,0,0,1,0
34,1,2,15,0,5,2,1,3,1,0,0,1,0,0,0,0,0,0,0,1,1,0,0,0,1,0,0,0,1
28,4,2,15,0,5,3,0,4,2,0,0,0,0,0,0,0,1,0,0,1,1,0,0,0,1,1,0,0,0
54,26,4,12,0,23,3,4,4,1,0,0,0,0,0,0,1,0,0,0,0,0,1,1,0,1,0,1,0,0
24,18,1,12,1,6,2,1,2,3,0,0,1,0,0,1,0,0,0,0,1,1,0,0,0,0,0,0,0,1
37,3,3,12,0,12,3,1,3,5,0,0,1,0,0,0,0,1,0,0,1,0,1,0,0,1,0,0,0,1
56,14,1,18,3,7,2,4,3,0,1,0,1,0,0,0,0,0,0,1,0,1,0,1,0,0,0,1,0,0
26,6,1,19,0,5,3,4,3,0,0,0,1,0,0,0,0,0,0,1,0,1,0,0,0,0,1,0,0,0
32,9,1,22,0,10,2,0,4,5,1,0,1,0,0,1,0,0,0,0,0,0,1,0,0,0,0,0,0,1
30,18,1,14,0,5,4,0,4,1,0,0,1,0,0,0,0,0,0,1,0,0,1,0,1,0,0,0,1,0
30,2,1,13,0,6,3,1,2,1,0,0,1,0,0,1,0,0,0,0,1,0,1,0,0,0,0,0,0,0
41,9,1,21,1,7,2,1,4,1,0,0,1,0,0,1,0,0,0,0,1,1,0,0,0,1,0,0,0,1
28,21,1,11,1,5,2,0,2,2,0,0,1,0,0,0,0,0,0,1,1,1,0,0,1,0,0,0,0,1
57,24,3,16,1,12,2,1,4,4,0,0,1,0,1,0,0,0,0,0,1,0,0,1,1,0,0,0,0,1
50,11,5,15,0,21,5,4,4,2,0,0,1,0,0,0,1,0,0,0,0,0,1,0,0,1,0,0,1,0
32,6,1,20,0,8,2,1,4,4,0,0,1,0,0,0,0,0,0,1,1,0,1,0,0,1,0,0,0,0
27,17,1,16,1,6,3,1,1,3,0,0,1,0,0,0,0,0,0,1,1,1,0,1,0,0,0,0,1,0
45,4,2,11,1,9,3,0,3,2,0,0,1,0,0,0,0,1,0,0,0,0,0,1,0,0,0,0,0,1
43,7,1,14,3,7,3,2,2,3,0,0,0,0,0,0,0,0,0,1,1,0,0,0,1,0,0,0,0,0
42,21,2,16,1,11,5,0,2,2,0,0,0,0,0,0,0,0,0,0,0,0,0,0,0,0,0,0,0,0
34,10,1,17,1,5,4,2,0,0,0,1,0,0,0,0,0,0,0,1,1,0,0,1,0,0,0,1,0,0
30,3,1,11,0,8,5,0,4,4,1,0,1,0,0,0,0,0,0,1,0,0,1,1,0,0,0,0,1,0
31,1,2,12,1,6,2,1,4,5,0,0,0,0,0,0,0,0,0,0,1,1,0,0,0,1,0,0,0,0
33,14,1,13,1,8,2,0,4,1,1,0,1,0,0,1,0,0,0,0,1,1,0,1,0,0,0,1,0,0
31,29,1,11,0,6,2,1,4,3,1,1,0,0,0,1,0,0,0,0,1,0,1,0,0,0,0,0,1,0
32,7,1,20,0,5,3,0,3,4,0,1,0,0,0,1,0,0,0,0,1,1,0,0,0,1,0,1,0,0
28,9,1,23,1,5,3,0,4,5,0,0,1,0,0,0,0,0,0,1,1,1,0,0,1,0,0,1,0,0
37,6,2,14,1,7,5,0,1,3,0,0,1,0,0,0,0,1,0,0,1,1,0,0,0,0,1,0,0,0
37,1,3,18,2,15,2,0,2,2,0,0,0,0,0,0,0,0,0,0,0,0,0,1,0,1,0,1,0,0
53,3,4,16,3,21,5,1,3,0,0,0,1,0,0,0,0,0,0,0,1,1,0,1,0,1,0,0,0,0
26,11,2,13,1,5,3,3,3,4,0,1,0,0,1,0,0,0,0,0,1,1,0,1,0,1,1,0,0,0
28,8,1,21,0,5,3,0,2,5,0,0,1,0,0,0,0,0,0,1,0,0,1,0,1,0,0,0,1,0
58,1,2,13,1,12,2,1,2,4,0,0,0,0,1,0,0,0,0,0,1,0,0,1,0,1,1,0,0,0
31,5,1,12,1,6,4,0,3,1,0,0,1,0,0,0,0,0,0,1,1,1,0,1,0,1,1,0,0,0
27,2,2,11,0,5,3,0,4,5,0,0,1,0,0,0,0,1,0,0,1,0,1,1,0,1,0,0,0,0
27,1,2,13,1,6,0,1,4,2,0,0,0,0,0,0,0,1,0,0,1,1,0,1,1,0,0,1,0,0
41,6,2,15,0,8,3,1,2,1,0,0,1,0,0,0,0,0,0,0,1,0,1,1,0,1,1,0,0,0
37,10,1,20,1,17,3,0,3,4,0,0,1,0,0,1,0,0,0,0,0,1,0,0,0,0,0,1,0,0
27,1,1,11,1,5,2,0,4,5,0,0,1,0,0,1,0,0,0,0,1,0,0,0,0,0,1,0,0,0
49,7,3,24,0,26,2,0,0,3,0,0,1,0,1,0,0,0,0,0,1,0,1,0,0,1,1,0,0,0
34,19,2,13,0,9,3,0,4,0,1,0,0,0,0,0,0,1,0,0,1,0,1,1,0,0,0,0,0,0
55,2,4,13,0,30,2,1,2,0,0,0,1,0,0,0,1,0,0,0,0,0,1,1,1,0,0,1,0,0
24,10,2,12,1,5,2,0,3,2,0,0,1,0,0,0,0,1,0,0,0,0,0,1,1,0,0,0,0,0
40,2,2,12,2,8,5,1,3,3,0,0,1,0,0,0,0,1,0,0,0,0,0,0,1,0,0,0,0,0
42,1,1,16,1,8,5,1,2,4,0,0,1,0,0,1,0,0,0,0,0,0,0,0,0,0,0,0,0,1
43,8,2,14,0,8,3,0,2,3,0,0,1,0,1,0,0,0,0,0,0,0,0,1,0,0,0,0,1,0
25,4,2,11,0,5,3,1,3,1,0,0,1,0,0,0,0,1,0,0,0,0,1,1,0,1,0,1,0,0
30,12,2,11,0,6,6,4,4,1,0,0,1,0,0,0,0,1,0,0,0,0,1,0,0,0,0,1,0,0
52,3,3,14,0,28,4,0,4,5,0,0,1,0,0,0,0,0,0,0,1,1,0,1,1,0,0,1,0,0
52,4,4,13,0,31,2,1,4,5,0,0,1,0,0,0,1,0,0,0,0,1,0,0,0,1,0,0,1,0
42,29,2,11,1,19,3,0,2,0,0,1,0,0,0,0,0,0,0,1,0,0,0,0,0,1,1,0,0,0
30,2,2,20,0,11,2,0,2,4,0,0,1,0,0,0,0,0,0,0,0,0,1,0,1,0,1,0,0,0
24,1,1,16,0,6,4,1,4,4,1,0,1,0,0,0,0,0,1,0,0,0,1,1,1,0,1,0,0,0
30,3,1,15,1,9,3,1,4,3,0,0,0,0,0,1,0,0,0,0,1,1,0,0,0,1,0,0,1,0
47,2,2,13,3,20,2,0,4,3,0,0,1,0,0,0,0,0,0,0,0,0,0,0,1,0,0,0,0,1
35,22,1,15,0,6,2,4,3,3,0,0,1,0,0,1,0,0,0,0,1,0,1,0,0,1,0,1,0,0
31,7,3,21,1,10,3,0,1,0,0,0,1,0,0,0,1,0,0,0,1,0,0,0,0,0,1,0,0,0
35,1,2,16,0,5,3,0,3,3,0,0,1,0,0,0,0,1,0,0,0,0,1,0,0,1,0,0,0,0
26,28,2,20,2,6,5,1,4,3,0,0,1,0,0,0,0,1,0,0,1,1,0,0,0,0,0,0,0,0
27,6,1,12,2,6,5,0,3,3,0,0,1,0,0,0,0,0,0,1,0,0,0,0,1,0,0,0,1,0
33,8,2,12,0,6,3,1,2,1,0,0,1,0,0,0,0,1,0,0,1,0,0,0,1,0,0,1,0,0
53,7,4,19,0,32,3,1,3,5,0,0,1,0,0,0,0,0,0,0,1,1,0,0,1,0,0,0,0,0
44,24,1,14,0,9,5,1,4,0,0,0,0,0,0,1,0,0,0,0,1,0,1,0,1,0,1,0,0,0
34,8,2,11,0,10,2,4,3,5,0,0,1,0,1,0,0,0,0,0,0,0,1,0,0,0,0,0,0,0
47,27,2,12,0,8,2,1,3,0,1,1,0,0,0,0,0,1,0,0,0,0,1,1,0,1,0,0,0,0
55,2,5,13,1,24,2,1,4,5,1,0,1,0,0,0,1,0,0,0,1,1,0,1,1,0,0,0,1,0
54,19,2,11,2,9,4,1,4,4,0,0,1,0,0,0,0,0,0,0,0,0,0,1,0,1,1,0,0,0
37,10,1,13,2,6,3,4,3,1,0,0,1,0,0,0,0,0,0,1,0,0,0,1,0,1,0,1,0,0
52,11,2,20,1,9,3,1,4,1,0,0,1,0,0,1,0,0,0,0,0,1,0,0,1,0,0,0,0,1
36,13,1,13,1,8,2,0,4,5,0,0,1,1,0,0,0,0,0,0,1,1,0,0,0,0,0,0,1,0
34,16,1,16,0,6,3,1,3,4,0,1,0,0,0,0,0,0,0,1,0,0,1,0,0,1,0,0,1,0
44,4,2,12,0,10,2,2,3,1,0,0,1,0,1,0,0,0,0,0,1,0,1,0,1,0,0,0,0,1
32,13,2,11,1,8,3,0,3,0,0,0,1,0,0,0,0,1,0,0,1,0,0,0,0,1,0,1,0,0
30,5,1,12,1,10,3,0,3,4,0,1,0,0,0,0,0,0,0,1,1,0,0,0,0,0,1,0,0,0
53,7,3,18,1,35,3,0,4,2,0,0,1,0,0,0,0,1,0,0,0,1,0,1,1,0,0,0,0,0
45,9,3,12,1,18,2,0,2,4,0,0,1,0,0,0,0,1,0,0,1,0,0,1,0,0,0,1,0,0
32,8,2,12,1,9,3,1,3,5,0,0,1,0,0,0,0,0,0,1,0,1,0,0,1,0,0,0,1,0
28,8,1,13,1,6,6,0,4,1,0,0,1,1,0,0,0,0,0,0,1,0,0,0,1,0,0,0,0,1
36,8,1,21,0,6,3,0,3,4,0,0,1,1,0,0,0,0,0,0,1,1,0,0,0,1,0,0,0,1
25,3,2,18,0,5,3,0,3,2,0,0,1,0,0,0,0,1,0,0,1,1,0,1,0,1,0,0,1,0
25,4,2,12,0,5,1,0,3,2,0,0,1,0,0,0,0,1,0,0,1,1,0,0,0,1,1,0,0,0
24,4,1,17,0,6,2,3,4,4,0,0,0,0,0,1,0,0,0,0,1,1,0,0,0,1,0,1,0,0
42,3,2,13,1,17,1,1,3,4,0,0,1,0,0,1,0,0,0,0,0,1,0,1,1,0,0,0,0,1
37,21,1,15,1,10,3,0,0,1,0,1,0,0,0,0,0,0,1,0,0,1,0,0,0,0,0,1,0,0
43,1,2,13,1,12,2,2,2,3,0,1,0,0,1,0,0,0,0,0,0,1,0,0,0,0,1,0,0,0
39,2,2,11,2,13,2,0,4,4,0,0,1,1,0,0,0,0,0,0,0,1,0,0,0,0,0,0,0,1
42,14,2,17,0,10,6,0,3,5,0,0,1,0,0,0,0,1,0,0,0,0,1,0,1,0,0,1,0,0
33,1,2,14,0,6,3,1,4,3,0,0,1,0,1,0,0,0,0,0,0,0,1,0,0,1,0,1,0,0
35,18,2,16,0,5,3,1,0,3,0,0,1,0,0,0,0,1,0,0,0,1,0,0,1,0,0,0,1,0
38,10,2,13,0,6,1,1,3,2,0,0,0,0,0,0,0,1,0,0,0,0,1,1,1,0,0,1,0,0
45,1,1,14,2,8,2,0,2,1,0,0,1,0,0,1,0,0,0,0,0,0,0,0,0,1,0,1,0,0
50,1,4,22,1,32,1,1,3,2,0,0,1,0,0,0,0,0,0,0,1,0,0,0,0,1,0,0,0,0
30,22,1,11,0,7,2,0,1,3,1,0,1,0,0,0,0,0,0,1,0,1,0,1,0,0,0,0,1,0
59,2,4,13,0,30,4,4,3,5,0,0,1,0,0,0,0,0,0,0,0,0,1,1,0,1,0,1,0,0
26,1,1,13,2,5,5,1,3,1,0,1,0,0,0,0,0,0,0,1,0,0,0,0,0,0,0,0,0,0
56,9,1,19,1,18,4,0,3,3,0,1,0,0,0,0,0,0,0,1,0,1,0,0,0,0,0,0,0,0
26,1,1,16,2,6,2,1,3,5,0,0,1,0,0,1,0,0,0,0,1,1,0,0,1,0,0,0,0,1
48,1,4,22,0,27,3,2,1,1,0,0,0,0,0,0,1,0,0,0,1,0,1,0,0,1,0,1,0,0
39,9,2,15,0,9,2,0,3,1,0,0,0,0,0,1,0,0,0,0,1,0,1,0,1,0,1,0,0,0
28,2,1,17,0,6,2,0,4,3,0,0,1,0,0,0,0,0,0,1,1,1,0,0,0,0,0,0,1,0
35,11,2,11,1,5,3,0,2,4,0,1,0,0,0,0,0,1,0,0,1,0,0,0,1,0,0,0,0,0
33,9,2,17,0,6,3,0,3,2,1,0,1,0,0,0,0,1,0,0,0,0,1,1,1,0,0,0,0,0
35,8,1,17,0,6,2,1,4,2,0,0,1,1,0,0,0,0,0,0,1,0,1,0,1,0,0,0,1,0
56,4,5,13,1,28,2,4,2,4,0,0,1,0,0,0,1,0,0,0,0,0,0,0,1,0,0,0,1,0
29,15,1,18,1,6,2,1,3,3,0,0,1,0,0,0,0,0,0,1,0,1,0,1,0,0,0,0,0,0
33,2,1,13,1,5,2,1,4,3,0,0,1,1,0,0,0,0,0,0,1,1,0,0,0,0,0,0,0,0
40,10,2,12,1,7,2,1,3,2,0,0,1,0,0,0,0,1,0,0,0,0,0,0,0,1,1,0,0,0
54,1,3,17,1,33,2,1,4,3,0,1,0,0,0,0,0,0,0,0,0,0,0,0,0,0,0,0,0,1
27,4,1,11,3,5,2,0,3,0,0,0,1,0,0,0,0,0,0,1,1,0,0,0,1,0,0,1,0,0
39,23,1,13,0,6,2,0,3,5,1,0,1,0,0,0,0,0,0,1,1,0,1,0,0,0,0,0,1,0
40,25,3,12,0,9,2,1,0,1,1,0,1,0,0,0,0,1,0,0,1,0,1,1,0,1,0,0,1,0
51,11,4,16,0,29,1,0,3,1,0,0,1,0,0,0,0,0,0,0,0,0,1,0,1,0,1,0,0,0
34,26,1,20,3,5,2,0,0,2,0,0,0,0,0,0,0,0,0,1,0,0,0,0,0,1,1,0,0,0
28,26,2,11,1,5,0,0,4,0,0,0,1,0,0,0,0,1,0,0,1,1,0,0,0,1,0,0,1,0
39,21,2,12,2,8,2,1,4,4,0,0,1,0,0,0,0,1,0,0,1,1,0,1,1,0,0,0,1,0
33,5,2,13,0,8,2,1,2,3,0,1,0,0,0,0,0,1,0,0,1,1,0,0,0,1,0,0,0,0
52,28,4,11,1,24,3,0,2,3,0,1,0,0,0,0,0,0,0,0,0,1,0,1,1,0,0,0,0,0
52,8,1,13,0,12,2,0,4,2,0,0,1,0,0,1,0,0,0,0,0,1,0,0,1,0,0,0,0,1
36,3,2,16,0,15,3,0,1,0,0,0,1,0,0,0,0,1,0,0,0,0,1,1,1,0,0,0,1,0
27,11,1,14,0,6,3,1,4,2,0,0,1,0,0,1,0,0,0,0,1,1,0,0,0,0,1,0,0,0
24,4,2,12,2,5,3,0,3,4,0,0,1,0,0,0,0,1,0,0,0,1,0,1,0,1,0,0,1,0
34,1,1,17,1,7,2,0,2,5,0,0,1,0,0,1,0,0,0,0,0,1,0,0,0,1,0,0,1,0
28,5,2,18,0,6,4,1,3,3,0,0,1,0,0,0,0,1,0,0,1,0,1,0,1,0,0,0,0,0
44,5,1,14,0,7,5,0,3,3,0,0,0,0,0,1,0,0,0,0,1,0,1,0,0,1,0,1,0,0
44,20,1,13,0,6,3,1,3,1,0,0,1,0,0,0,0,0,0,1,1,0,1,0,1,0,0,0,1,0
29,13,2,11,0,7,4,0,0,4,1,1,0,0,0,0,0,1,0,0,0,0,1,0,0,0,0,0,1,0
30,1,1,21,1,6,3,1,3,2,0,0,1,1,0,0,0,0,0,0,1,0,0,0,0,1,0,0,1,0
33,4,1,11,0,8,5,0,2,0,0,0,1,0,0,1,0,0,0,0,0,1,0,0,0,1,0,0,0,1
47,14,2,17,1,11,4,1,2,4,0,0,1,0,0,0,0,1,0,0,0,1,0,1,0,1,0,0,1,0
32,10,3,25,0,10,5,0,0,0,0,0,1,0,0,0,1,0,0,0,1,0,1,0,1,0,0,0,0,0
40,9,1,14,0,15,3,1,0,2,1,0,1,0,0,1,0,0,0,0,1,0,1,0,0,0,0,0,0,1
33,25,2,13,0,5,2,0,2,0,0,0,1,0,0,0,0,0,0,0,1,0,1,0,1,0,0,1,0,0
45,28,1,20,1,8,3,0,3,3,0,0,1,0,0,0,0,0,0,1,1,1,0,0,0,1,0,0,0,0
35,28,1,23,2,6,5,4,2,4,0,0,1,0,0,0,0,0,1,0,0,1,0,0,0,0,0,0,0,1
38,2,2,11,2,7,2,1,4,4,1,0,1,0,0,0,0,0,0,0,1,1,0,0,1,0,0,0,0,0
35,10,2,16,0,10,4,0,4,0,0,0,1,0,1,0,0,0,0,0,0,0,1,1,0,1,0,0,0,0
40,14,2,15,1,5,2,1,2,0,0,0,1,0,0,0,0,1,0,0,0,1,0,0,1,0,0,0,0,1
31,2,2,13,0,10,3,0,3,0,0,1,0,0,0,0,0,1,0,0,1,0,1,0,1,0,0,0,1,0
28,27,2,21,1,6,5,0,0,0,0,0,1,0,0,0,0,0,0,0,0,0,0,0,0,0,1,0,0,0
47,26,5,11,1,27,2,1,0,5,0,0,1,0,0,0,1,0,0,0,0,1,0,0,0,1,0,0,0,1
38,2,3,19,1,10,6,0,2,4,0,0,1,0,0,0,0,0,0,0,0,1,0,1,0,1,0,0,0,1
29,10,2,11,0,8,2,1,4,1,0,0,1,0,0,0,0,1,0,0,1,0,1,0,1,0,0,0,0,1
39,12,2,21,0,7,3,1,0,0,0,0,1,0,0,0,0,0,0,0,1,1,0,0,0,0,0,0,0,0
36,3,2,20,1,13,3,0,4,2,0,0,1,0,1,0,0,0,0,0,1,0,0,0,1,0,1,0,0,0
23,8,1,11,0,5,2,1,2,1,1,0,1,0,0,1,0,0,0,0,1,0,1,1,0,1,0,1,0,0
35,2,1,14,0,6,2,1,4,4,0,1,0,0,0,0,0,0,0,1,1,0,1,1,1,0,0,0,0,1
24,9,1,16,1,5,1,0,4,0,0,0,1,0,0,0,0,0,0,1,1,1,0,0,0,1,0,0,1,0
29,9,1,17,1,9,2,1,2,5,0,0,1,0,0,1,0,0,0,0,0,1,0,0,1,0,1,0,0,0
32,10,1,13,1,10,3,1,3,1,0,1,0,0,0,0,0,0,0,1,1,1,0,0,0,0,0,0,0,0
31,2,1,14,1,6,2,0,3,3,0,0,1,0,0,1,0,0,0,0,1,1,0,0,1,0,1,0,0,0
31,24,2,20,0,9,3,1,4,2,0,1,0,0,0,0,0,0,0,0,0,0,1,0,0,0,0,0,0,1
45,4,3,21,2,9,2,0,3,1,0,0,1,1,0,0,0,0,0,0,0,1,0,0,1,0,0,0,0,0
31,5,2,19,1,6,3,0,2,4,0,0,1,0,0,0,0,1,0,0,1,1,0,0,0,1,0,0,0,1
34,2,1,14,3,6,3,1,2,0,0,0,1,0,0,0,0,0,0,1,1,1,0,1,1,0,0,0,0,1
49,11,2,12,0,8,1,0,4,2,0,0,1,0,0,0,0,1,0,0,0,0,1,0,1,0,0,0,0,0
42,12,1,22,3,7,6,0,4,5,0,0,1,0,0,1,0,0,0,0,1,0,0,0,1,0,0,0,1,0
41,9,1,20,2,5,2,0,4,4,0,0,1,0,0,1,0,0,0,0,1,0,0,0,1,0,0,0,0,1
38,6,1,11,1,5,3,0,4,3,0,0,1,0,0,1,0,0,0,0,0,1,0,0,0,1,0,0,0,0
37,9,2,14,2,5,2,0,3,2,0,0,1,0,0,0,0,1,0,0,1,1,0,0,0,1,0,0,0,0
44,1,1,12,3,6,2,2,3,3,1,1,0,0,0,0,0,0,0,1,1,0,0,1,0,0,0,0,0,1
28,1,1,11,1,5,6,0,3,3,0,0,1,0,0,0,0,0,0,1,1,1,0,0,0,0,1,0,0,0
26,20,1,11,0,6,3,1,4,1,1,0,1,1,0,0,0,0,0,0,0,1,0,1,1,0,0,1,0,0
40,1,2,17,1,12,3,0,3,4,0,0,1,0,1,0,0,0,0,0,0,0,0,0,0,0,1,0,0,0
35,23,1,16,1,6,2,0,3,3,0,0,1,0,0,1,0,0,0,0,1,1,0,0,1,0,0,0,0,1
26,10,2,13,0,5,4,1,2,2,0,0,1,0,0,0,0,1,0,0,1,0,1,0,1,0,0,0,0,0
27,5,1,14,0,6,3,0,2,1,0,1,0,0,0,1,0,0,0,0,0,0,1,1,0,0,0,1,0,0
55,2,1,20,1,19,2,0,4,5,0,0,1,0,0,0,0,0,0,1,1,1,0,0,1,0,0,1,0,0
34,4,3,13,3,9,3,1,0,2,0,0,1,0,0,0,0,1,0,0,1,1,0,1,0,1,0,1,0,0
37,7,2,22,1,16,2,0,4,2,0,0,1,0,0,0,0,0,0,1,1,1,0,1,0,1,0,0,0,0
34,16,1,23,1,5,2,3,0,0,1,0,0,0,0,0,0,0,0,1,1,1,0,1,1,0,0,0,1,0
41,8,2,21,1,14,3,1,4,5,0,0,1,0,0,0,0,1,0,0,0,1,0,0,0,1,0,1,0,0
31,10,2,11,1,8,2,1,4,4,0,0,1,0,0,0,0,1,0,0,0,0,0,1,1,0,0,0,0,1
27,2,1,11,1,6,3,1,2,4,0,0,1,0,0,0,0,0,0,1,1,1,0,0,1,0,1,0,0,0
38,9,1,19,2,10,0,0,3,0,0,0,1,0,0,0,0,0,0,1,1,0,0,0,1,0,0,0,1,0
49,2,5,15,0,28,3,4,3,1,0,1,0,0,0,0,0,0,0,0,1,1,0,0,1,0,0,1,0,0
35,18,2,16,1,6,2,0,4,4,0,0,1,0,0,0,0,1,0,0,1,1,0,0,0,1,0,0,0,1
28,16,1,14,0,5,3,1,4,1,0,0,0,0,0,0,0,0,0,1,1,0,1,0,0,0,0,1,0,0
36,9,1,22,0,5,3,0,2,0,0,0,0,0,0,1,0,0,0,0,1,1,0,0,1,0,1,0,0,0
29,1,2,12,1,6,5,0,2,3,0,0,1,0,1,0,0,0,0,0,1,1,0,0,0,0,0,0,0,1
32,15,2,18,1,9,6,1,2,1,0,0,0,0,1,0,0,0,0,0,0,0,0,0,0,0,0,0,0,1
54,10,2,19,0,9,3,1,4,1,0,0,1,0,0,0,0,0,0,0,0,0,1,1,1,0,0,0,0,0
23,12,1,13,0,5,6,1,4,5,0,0,1,0,0,1,0,0,0,0,1,0,1,0,0,1,0,0,0,0
41,1,1,22,1,12,3,1,0,1,0,0,1,0,0,0,0,0,0,1,1,1,0,0,1,0,0,0,0,1
25,8,2,22,1,6,3,0,4,5,0,0,1,0,0,0,0,1,0,0,0,0,0,1,0,1,0,0,1,0
41,3,2,11,1,14,5,0,4,4,0,0,1,0,0,0,0,1,0,0,1,0,0,0,0,1,1,0,0,0
45,20,2,15,0,8,3,0,1,4,0,0,1,0,0,0,0,1,0,0,0,0,1,0,0,0,0,0,1,0
40,2,1,14,3,20,2,0,2,0,0,0,1,0,0,0,0,0,0,1,0,1,0,0,1,0,0,1,0,0
29,28,1,14,0,5,3,0,4,4,0,0,1,0,0,0,0,0,0,1,0,0,1,0,0,1,0,1,0,0
36,23,2,17,1,17,3,0,3,0,0,1,0,0,0,1,0,0,0,0,1,1,0,0,0,0,0,0,0,1
41,1,2,11,0,8,0,0,5,0,1,0,1,0,0,0,0,1,0,0,0,0,1,1,0,0,0,1,0,0
32,5,1,12,2,7,5,0,5,5,0,0,1,0,0,0,0,0,0,1,1,0,0,1,0,1,0,0,0,0
36,11,2,13,0,6,3,0,3,2,0,1,0,0,0,0,0,0,0,0,1,0,1,0,0,0,0,0,0,1
35,1,1,18,0,6,3,0,4,2,0,0,1,0,0,0,0,0,0,1,1,0,1,0,0,0,0,1,0,0
56,7,3,11,0,37,3,0,2,1,0,0,1,0,0,0,0,0,0,0,1,0,1,0,0,1,0,0,1,0
25,5,2,11,0,6,1,0,3,4,1,0,1,0,0,0,0,1,0,0,1,0,1,1,0,1,0,0,0,0
45,29,1,13,0,9,2,0,3,2,0,0,1,0,0,0,0,0,0,1,1,0,1,0,0,0,0,0,0,1
35,2,2,11,0,10,5,1,2,1,0,1,0,0,0,1,0,0,0,0,0,0,1,0,1,0,1,0,0,0
30,26,2,15,0,9,5,0,1,5,1,1,0,0,0,0,0,1,0,0,0,0,1,0,1,0,0,0,1,0
29,1,1,14,0,7,1,1,5,0,1,0,1,0,0,0,0,0,0,1,1,0,1,0,0,0,0,0,0,0
54,3,2,14,1,16,4,0,5,4,0,0,1,0,0,0,0,1,0,0,0,1,0,0,0,1,1,0,0,0
29,15,1,19,0,6,1,1,5,5,0,0,1,0,0,0,0,0,0,1,1,0,1,0,0,0,0,0,0,1
32,2,2,13,0,9,5,0,4,4,0,0,1,0,0,1,0,0,0,0,1,0,1,0,0,1,0,0,0,0
25,5,2,12,2,6,2,1,5,3,0,0,0,0,1,0,0,0,0,0,1,0,0,0,1,0,0,0,0,1
26,1,2,20,1,6,6,1,4,3,0,1,0,0,0,0,0,0,0,0,0,0,0,0,1,0,0,0,0,0
37,5,2,16,2,8,2,0,4,4,0,0,1,0,0,0,0,0,0,0,1,0,0,0,1,0,1,0,0,0
40,22,2,12,2,8,6,1,0,4,1,0,1,0,0,0,0,1,0,0,1,1,0,1,0,0,0,1,0,0
26,3,1,22,0,7,2,0,4,5,1,1,0,0,0,0,0,0,0,1,1,0,1,0,0,0,1,0,0,0
42,28,2,11,3,7,4,0,4,4,0,1,0,0,1,0,0,0,0,0,0,1,0,0,1,0,0,0,0,0
31,2,2,13,0,10,2,0,5,1,0,0,1,0,0,0,0,1,0,0,1,0,1,1,0,1,0,1,0,0
33,1,4,19,1,10,2,0,5,2,0,0,1,0,0,0,0,0,0,0,0,0,0,0,0,1,1,0,0,0
37,1,3,17,0,12,3,1,2,1,0,0,1,0,0,0,0,0,0,0,0,0,1,0,0,1,0,0,0,0
37,1,2,12,1,8,2,4,3,3,0,0,1,0,0,0,0,0,0,0,0,1,0,0,1,0,1,0,0,0
24,23,1,11,2,6,3,1,4,1,0,0,1,0,0,0,0,0,0,1,1,1,0,1,0,1,0,0,0,0
24,7,1,16,1,6,4,1,2,0,1,1,0,0,0,1,0,0,0,0,0,1,0,1,0,0,0,0,1,0
34,1,1,13,1,6,3,1,3,3,0,0,1,0,0,0,0,0,0,1,1,1,0,1,0,1,0,0,0,1
32,9,2,12,1,6,2,0,5,4,0,0,1,0,0,0,0,0,0,1,0,1,0,1,0,0,1,0,0,0
29,3,2,14,1,6,5,1,2,0,0,0,1,0,0,0,0,1,0,0,0,1,0,0,1,0,0,0,0,0
27,3,2,20,2,6,3,0,4,4,0,1,0,0,0,0,0,1,0,0,0,0,0,1,0,0,0,1,0,0
25,26,2,23,0,6,5,1,4,3,0,0,1,0,0,0,0,1,0,0,0,0,1,0,0,1,0,0,0,0
34,2,2,22,0,6,5,1,4,1,0,0,1,0,0,0,0,1,0,0,1,0,1,0,0,0,0,0,0,1
34,2,1,11,0,6,3,1,3,1,0,0,1,0,0,0,0,0,0,1,0,0,1,0,1,0,1,0,0,0
35,27,1,11,0,6,3,1,1,1,0,0,1,0,0,0,0,0,0,1,0,0,1,0,1,0,0,0,0,1
31,11,1,19,1,8,2,0,2,3,0,0,1,0,0,0,0,0,0,1,1,1,0,1,0,0,0,0,0,1
58,5,3,13,1,24,3,0,4,1,0,0,1,0,1,0,0,0,0,0,0,0,0,1,0,1,0,1,0,0
36,7,1,18,0,8,6,0,1,2,0,0,1,0,0,0,0,0,0,1,1,0,1,0,1,0,0,1,0,0
33,1,2,13,1,6,2,1,2,5,0,1,0,0,1,0,0,0,0,0,0,1,0,1,0,1,0,0,1,0
59,1,3,14,1,14,1,0,4,2,0,0,1,0,0,0,1,0,0,0,1,1,0,1,0,1,0,0,0,1
45,24,1,16,0,6,3,0,4,4,0,0,1,1,0,0,0,0,0,0,1,0,1,0,0,0,1,0,0,0
30,20,2,15,1,7,1,0,2,3,0,0,1,0,0,0,0,0,0,0,1,1,0,0,1,0,1,0,0,0
34,3,2,17,0,7,1,0,4,5,0,1,0,0,1,0,0,0,0,0,1,0,1,0,0,0,1,0,0,0
37,25,2,13,2,9,2,1,3,5,0,0,1,0,1,0,0,0,0,0,0,0,0,0,1,0,1,0,0,0
34,9,2,20,0,6,3,1,3,5,0,0,1,0,0,0,0,1,0,0,0,1,0,0,0,0,0,0,1,0
42,4,2,13,0,9,3,1,5,5,0,0,1,0,0,0,0,1,0,0,1,0,1,0,1,0,0,0,1,0
44,10,1,11,0,6,4,0,2,3,1,0,1,0,0,0,0,0,0,1,1,0,1,1,1,0,0,0,0,1
28,19,1,12,3,6,2,3,3,0,0,0,1,0,0,1,0,0,0,0,1,1,0,0,0,1,0,0,0,0
46,2,2,11,1,12,3,1,4,2,0,0,1,0,0,0,0,0,0,0,1,0,0,0,0,0,0,0,0,0
31,11,2,12,0,6,2,0,1,4,0,0,1,0,1,0,0,0,0,0,1,1,0,1,0,0,0,1,0,0
59,3,2,17,0,13,2,0,5,5,0,0,1,0,0,0,0,1,0,0,0,0,1,0,0,0,1,0,0,0
29,7,2,11,2,6,2,1,0,2,0,0,1,0,1,0,0,0,0,0,1,0,0,1,0,1,1,0,0,0
27,2,2,20,0,8,3,0,0,5,0,1,0,0,0,0,0,1,0,0,1,0,1,0,0,0,0,1,0,0
41,22,2,14,2,12,4,3,3,4,0,1,0,0,0,0,0,0,0,1,0,0,0,1,0,0,0,0,1,0
37,4,1,15,0,8,2,1,3,3,0,0,1,0,0,0,0,0,0,1,1,1,0,1,1,0,0,0,0,0
39,25,3,21,1,13,2,0,5,4,0,0,0,0,1,0,0,0,0,0,1,1,0,0,0,0,0,0,0,0
27,10,2,11,0,6,3,4,4,0,0,0,1,0,0,0,0,1,0,0,0,1,0,1,0,1,1,0,0,0
47,1,1,12,1,17,2,1,2,2,0,0,1,0,0,0,0,0,0,1,1,1,0,0,1,0,0,0,0,0
37,5,1,14,0,7,2,1,3,4,0,0,0,0,0,1,0,0,0,0,1,0,1,0,0,1,0,0,0,0
38,10,2,11,0,10,2,1,2,4,0,1,0,1,0,0,0,0,0,0,1,1,0,0,0,1,0,1,0,0
32,1,2,14,1,9,3,1,2,1,0,0,0,0,0,0,0,0,0,1,1,1,0,0,1,0,0,1,0,0
29,2,2,19,1,6,0,1,3,2,0,1,0,0,1,0,0,0,0,0,1,0,0,0,1,0,0,1,0,0
43,27,1,12,1,8,0,0,2,2,0,0,1,0,0,1,0,0,0,0,1,0,0,0,0,0,0,0,1,0
30,7,1,12,1,6,3,1,1,0,0,0,1,0,0,0,0,0,0,1,1,1,0,0,1,0,0,0,1,0
24,2,1,13,0,6,2,1,3,4,0,1,0,0,0,0,0,0,0,1,0,0,1,1,0,1,0,0,0,0
33,2,2,14,2,6,5,0,4,3,0,0,1,0,0,0,0,1,0,0,1,0,0,0,1,0,0,0,0,1
33,16,2,25,1,7,2,1,2,0,0,0,0,0,0,0,0,1,0,0,0,0,0,1,1,0,0,1,0,0
37,1,2,14,2,6,2,1,3,3,0,1,0,0,0,0,0,1,0,0,1,0,0,0,0,0,0,0,0,1
24,29,1,13,3,6,2,1,2,4,0,0,1,0,0,1,0,0,0,0,1,0,0,0,0,1,0,1,0,0
27,8,1,11,0,6,5,1,4,3,0,0,1,0,0,0,0,0,0,1,0,0,1,0,0,0,0,0,0,0
38,2,1,14,1,9,4,0,5,0,0,1,0,0,0,1,0,0,0,0,0,1,0,0,1,0,0,1,0,0
42,10,1,22,2,10,1,3,3,4,0,0,0,0,0,0,0,0,0,1,1,1,0,0,0,1,0,0,0,0
38,1,1,11,1,7,2,1,2,1,0,1,0,1,0,0,0,0,0,0,1,1,0,1,0,0,1,0,0,0
32,29,1,13,0,6,3,4,1,1,0,0,1,0,0,1,0,0,0,0,0,0,1,0,0,1,0,0,1,0
39,9,5,13,0,21,3,1,3,1,0,0,0,0,0,0,1,0,0,0,1,0,1,0,0,0,0,0,0,1
50,1,2,12,2,12,3,0,1,5,1,1,0,0,0,0,0,1,0,0,1,0,0,0,0,0,1,0,0,0
36,11,2,13,1,8,2,0,0,2,0,0,1,0,0,0,0,1,0,0,0,1,0,0,0,0,0,0,0,0
27,4,2,20,1,6,0,0,3,5,0,0,1,0,0,0,0,0,0,0,1,1,0,1,0,0,0,1,0,0
32,2,1,13,0,8,2,3,6,5,0,1,0,0,0,1,0,0,0,0,1,0,1,0,0,1,0,1,0,0
36,27,2,13,2,17,3,7,7,0,0,0,1,0,1,0,0,0,0,0,1,1,0,0,0,0,0,0,0,1
31,7,2,22,1,10,3,1,7,5,0,0,1,0,0,1,0,0,0,0,1,0,0,0,1,0,0,0,0,0
37,1,2,18,1,7,2,0,7,0,0,0,1,0,0,0,0,0,0,0,1,0,0,0,0,1,1,0,0,0
33,22,2,13,1,8,2,0,7,4,0,0,0,0,0,0,0,1,0,0,1,1,0,0,0,0,0,0,1,0
31,6,2,18,0,12,3,7,7,1,1,0,1,0,0,0,0,1,0,0,1,1,0,1,0,1,0,1,0,0
41,10,4,13,1,21,2,7,7,2,0,1,0,0,0,0,1,0,0,0,1,0,0,0,0,1,1,0,0,0
53,6,2,20,1,13,3,4,5,0,0,0,1,0,0,0,0,0,1,0,1,1,0,1,0,0,0,0,0,1
51,3,4,18,0,21,6,1,0,0,0,0,1,0,1,0,0,0,0,0,0,0,1,0,1,0,0,1,0,0
27,9,1,16,0,7,2,0,3,1,0,0,1,0,0,0,0,0,0,1,0,0,1,0,0,0,0,1,0,0
38,29,2,18,1,9,3,1,7,3,0,0,1,0,0,0,0,0,0,0,1,1,0,0,1,0,0,0,0,0
49,18,2,15,2,7,0,1,7,2,0,0,0,0,0,0,0,0,0,0,1,0,0,1,0,1,0,0,1,0
40,19,2,15,1,15,2,3,7,3,0,0,1,0,0,1,0,0,0,0,1,1,0,1,1,0,0,0,0,0
27,20,2,14,0,7,2,0,7,2,0,1,0,0,0,0,0,1,0,0,0,0,1,0,0,1,0,0,0,1
50,1,5,11,1,32,3,0,6,1,0,0,1,0,0,0,1,0,0,0,0,0,0,0,0,0,0,0,1,0
46,2,4,12,1,28,2,7,7,2,0,0,1,0,0,0,1,0,0,0,0,1,0,1,1,0,0,0,0,0
35,22,3,18,1,10,6,6,2,5,0,0,1,0,0,0,1,0,0,0,0,0,0,0,1,0,0,0,0,1
49,1,4,12,0,25,2,0,7,5,0,0,1,0,1,0,0,0,0,0,0,0,1,1,0,0,0,0,0,0
31,7,2,12,3,13,3,1,7,0,0,0,1,0,0,0,0,1,0,0,1,0,0,0,1,0,0,0,0,1
32,2,2,16,0,10,0,0,7,1,0,0,1,0,0,0,0,0,0,1,0,0,1,0,0,1,1,0,0,0
33,10,2,14,0,9,6,0,1,5,0,1,0,0,0,0,0,1,0,0,1,0,1,0,0,0,0,0,1,0
29,8,1,11,0,7,4,0,7,0,1,0,1,0,0,1,0,0,0,0,1,1,0,1,1,0,1,0,0,0
29,10,2,14,2,7,2,1,7,5,0,0,1,0,0,0,0,1,0,0,0,0,0,1,0,1,0,0,0,0
37,6,2,13,2,13,2,6,7,3,0,0,1,0,0,0,0,0,0,1,1,0,0,1,0,1,0,0,1,0
40,10,1,13,1,10,3,1,7,5,0,0,1,0,0,1,0,0,0,0,0,1,0,1,1,0,0,1,0,0
28,9,2,16,0,7,1,0,7,4,0,0,1,0,0,0,0,1,0,0,1,0,1,0,1,0,0,1,0,0
51,14,2,11,1,18,2,0,7,4,0,0,1,0,0,0,0,1,0,0,0,1,0,0,1,0,1,0,0,0
56,6,4,11,3,36,0,7,7,5,0,1,0,0,0,0,0,1,0,0,0,1,0,0,1,0,0,0,0,1
34,2,1,12,1,14,3,5,7,2,0,0,1,0,0,0,0,0,0,1,1,0,0,0,0,1,0,1,0,0
33,15,3,12,0,15,2,7,7,2,1,0,1,0,0,0,1,0,0,0,1,1,0,1,0,1,1,0,0,0
26,17,1,11,1,8,2,1,0,4,1,1,0,1,0,0,0,0,0,0,0,0,0,1,0,0,1,0,0,0
25,13,1,11,0,7,1,0,6,1,0,0,1,0,0,0,0,0,1,0,1,1,0,0,0,0,0,0,1,0
31,6,2,22,2,13,4,5,7,4,0,0,1,0,0,0,0,1,0,0,1,0,0,0,0,1,0,0,1,0
38,7,2,20,0,8,2,0,5,1,0,0,1,0,0,0,0,1,0,0,0,0,1,0,1,0,0,0,1,0
32,3,3,15,0,10,6,7,7,4,0,0,1,0,0,0,0,0,0,0,0,0,1,0,1,0,1,0,0,0
47,14,2,12,0,20,2,1,7,5,0,0,1,0,0,0,0,1,0,0,1,0,1,0,0,1,0,1,0,0
28,1,1,13,0,10,4,3,7,0,1,0,1,0,0,0,0,0,0,1,0,0,1,1,1,0,0,1,0,0
27,7,2,19,0,9,2,0,7,3,0,0,1,0,1,0,0,0,0,0,0,0,1,0,1,0,0,1,0,0
47,2,2,22,1,8,2,7,7,2,0,0,1,0,0,0,0,1,0,0,0,1,0,1,0,1,0,0,1,0
41,2,1,13,1,10,1,1,0,0,1,0,1,0,0,1,0,0,0,0,0,0,0,1,1,0,1,0,0,0
31,7,1,15,0,13,2,5,2,3,0,0,1,0,0,0,0,0,1,0,1,1,0,0,1,0,1,0,0,0
26,1,2,12,0,7,2,0,7,4,0,1,0,0,0,0,0,1,0,0,1,0,1,0,0,1,0,0,0,0
36,8,2,13,2,12,3,0,7,1,0,0,0,0,0,0,0,1,0,0,1,0,0,0,1,0,0,1,0,0
40,26,2,14,1,8,3,7,5,0,0,0,1,0,0,0,0,1,0,0,1,1,0,0,1,0,1,0,0,0
25,4,1,15,1,7,3,5,6,4,1,0,1,0,0,1,0,0,0,0,1,1,0,1,0,0,0,0,1,0
29,28,1,22,1,11,1,1,7,1,0,0,1,0,0,0,0,0,0,1,0,0,0,0,0,0,0,0,0,1
29,10,1,14,2,8,2,1,1,1,0,1,0,0,0,0,0,0,0,1,0,0,0,0,0,0,0,0,1,0
38,1,1,13,1,7,2,5,0,4,0,0,1,1,0,0,0,0,0,0,1,1,0,0,0,1,0,1,0,0
35,2,3,18,1,15,2,6,4,2,0,0,1,0,0,0,0,0,0,0,1,0,0,0,1,0,0,0,0,0
53,7,5,18,1,26,6,4,7,2,0,0,1,0,0,0,1,0,0,0,0,0,0,0,0,0,0,1,0,0
35,17,2,15,3,15,2,1,7,4,0,0,1,0,0,0,0,1,0,0,1,1,0,1,0,0,1,0,0,0
36,6,1,14,1,7,4,1,7,2,0,0,1,0,0,1,0,0,0,0,1,0,0,0,0,1,0,0,0,1
36,1,3,21,1,17,2,7,7,5,0,0,1,0,0,0,0,0,0,0,0,0,0,1,1,0,1,0,0,0
29,1,4,14,2,9,2,1,7,0,0,0,1,0,0,0,0,0,0,0,0,0,0,0,0,0,1,0,0,0
51,6,1,14,0,8,6,7,7,1,0,1,0,0,0,1,0,0,0,0,0,0,1,0,0,0,0,0,0,0
29,7,1,13,2,10,2,7,7,1,1,0,1,0,0,1,0,0,0,0,0,0,0,1,0,1,0,0,0,0
36,10,3,12,0,10,0,1,7,1,0,0,1,0,1,0,0,0,0,0,0,1,0,0,0,0,0,1,0,0
46,1,1,12,0,10,3,5,7,5,0,0,1,1,0,0,0,0,0,0,0,0,1,0,0,1,1,0,0,0
56,8,5,14,0,36,4,7,7,3,0,0,1,0,0,0,1,0,0,0,1,0,1,0,0,1,0,0,1,0
38,2,2,15,1,11,3,1,7,0,0,0,1,0,0,0,0,1,0,0,0,0,0,0,0,0,1,0,0,0
26,7,1,12,0,8,2,0,7,3,0,0,1,0,0,1,0,0,0,0,1,0,1,0,0,1,1,0,0,0
55,1,4,13,2,31,4,0,0,3,0,0,1,0,0,0,0,0,0,0,1,0,0,0,0,0,0,0,0,1
46,9,3,11,1,28,1,4,3,4,1,0,1,0,0,0,0,1,0,0,1,0,0,0,1,0,0,1,0,0
45,20,3,18,1,24,2,0,7,2,0,0,1,0,1,0,0,0,0,0,1,0,0,1,0,0,1,0,0,0
31,3,1,12,0,7,2,7,7,1,1,1,0,0,0,0,0,0,0,1,0,0,1,0,0,1,0,1,0,0
29,8,2,13,1,9,3,0,7,5,0,0,1,0,1,0,0,0,0,0,0,1,0,0,0,1,0,0,0,1
32,5,2,12,1,12,2,2,5,3,0,0,1,0,0,0,0,0,0,1,0,1,0,0,0,1,0,0,0,1
39,6,3,11,1,11,3,7,6,2,0,0,1,0,0,0,0,1,0,0,1,1,0,0,0,1,1,0,0,0
39,10,2,13,3,10,3,7,7,5,0,0,1,0,0,0,0,0,0,0,1,1,0,0,0,1,0,0,0,0
27,19,1,11,2,7,3,0,7,3,0,0,1,0,0,1,0,0,0,0,1,0,0,0,1,0,0,1,0,0
25,2,2,17,2,7,6,0,7,5,0,1,0,0,0,0,0,0,0,0,1,0,0,0,0,1,0,0,0,0
26,7,1,20,0,7,5,5,7,3,0,0,0,0,0,1,0,0,0,0,1,0,1,0,0,1,0,1,0,0
35,27,2,16,1,17,3,0,7,2,0,0,1,0,0,0,0,0,0,0,1,1,0,0,0,0,0,1,0,0
30,15,3,11,1,12,2,1,7,3,0,0,1,0,0,0,0,1,0,0,1,0,0,0,1,0,0,0,1,0
30,16,2,16,1,10,3,1,7,4,0,0,1,0,1,0,0,0,0,0,1,1,0,0,0,1,0,0,1,0
32,5,1,14,0,12,3,0,7,4,0,0,0,0,0,0,0,0,0,1,1,0,1,0,1,0,0,0,0,1
35,2,2,14,1,15,6,1,7,3,0,0,0,0,0,0,0,0,0,0,1,0,0,0,0,1,1,0,0,0
34,9,2,17,1,11,3,0,7,2,1,1,0,0,0,1,0,0,0,0,1,1,0,0,0,0,0,0,1,0
30,10,3,14,0,9,3,0,2,3,0,0,1,0,0,0,0,0,0,0,0,0,1,0,0,1,0,0,0,0
40,12,2,12,1,15,3,7,7,3,0,0,1,0,1,0,0,0,0,0,0,0,0,0,0,0,0,0,0,1
54,7,2,15,1,14,2,1,7,1,0,0,1,0,0,0,0,0,0,1,0,1,0,0,0,1,0,1,0,0
43,2,2,20,1,7,5,7,7,2,0,1,0,0,0,0,0,1,0,0,1,1,0,0,0,0,0,0,0,1
29,29,2,17,2,11,3,1,6,0,0,0,1,0,1,0,0,0,0,0,1,0,0,0,0,0,0,0,1,0
27,15,1,19,1,8,2,7,3,2,0,1,0,0,0,0,0,0,0,1,0,1,0,0,0,1,1,0,0,0
26,6,1,18,1,8,3,7,7,5,0,1,0,0,0,1,0,0,0,0,1,1,0,0,1,0,0,1,0,0
28,1,2,12,1,7,2,0,7,2,0,1,0,0,0,0,0,1,0,0,1,1,0,1,0,1,0,0,0,1
26,1,1,13,0,8,6,7,6,1,0,0,1,0,0,1,0,0,0,0,1,0,1,0,1,0,0,0,1,0
27,9,2,14,0,7,5,0,7,4,0,0,1,0,0,0,0,1,0,0,1,0,1,0,1,0,1,0,0,0
39,24,2,13,0,18,2,1,7,2,0,0,1,0,0,0,0,0,0,1,1,0,1,0,0,0,0,1,0,0
39,6,3,15,1,9,5,1,7,5,0,0,1,0,1,0,0,0,0,0,1,1,0,0,1,0,0,0,1,0
33,3,1,11,0,8,3,3,0,2,0,1,0,0,0,0,0,0,0,1,0,1,0,1,0,0,1,0,0,0
50,1,5,19,0,28,1,0,7,5,0,1,0,0,0,0,0,0,0,0,0,1,0,1,1,0,0,0,1,0
26,25,1,23,1,8,3,5,7,0,0,0,1,1,0,0,0,0,0,0,0,1,0,0,0,1,0,1,0,0
32,9,2,17,3,9,2,0,7,5,0,1,0,0,0,0,0,1,0,0,1,0,0,0,1,0,0,0,0,1
38,1,2,22,0,12,2,0,7,0,0,0,1,0,0,0,0,1,0,0,0,0,1,0,0,0,0,0,0,0
36,3,1,12,0,13,3,7,2,5,0,1,0,0,0,1,0,0,0,0,1,0,1,0,1,0,1,0,0,0
33,14,1,13,1,8,5,1,6,4,0,0,1,0,0,0,0,0,0,1,0,1,0,0,0,0,0,0,0,1
37,21,1,12,1,8,3,1,7,3,0,0,1,0,0,0,0,0,0,1,1,1,0,1,1,0,1,0,0,0
36,18,1,13,0,8,2,1,7,4,0,1,0,0,0,1,0,0,0,0,0,0,1,0,0,1,0,0,0,1
38,2,2,18,1,13,0,7,5,1,0,0,0,0,0,0,0,1,0,0,1,1,0,0,0,1,0,1,0,0
38,7,2,24,1,8,3,7,7,5,0,0,1,0,0,0,0,1,0,0,0,0,0,1,0,0,1,0,0,0
36,3,2,12,0,10,2,7,7,5,0,0,1,0,0,0,0,0,0,1,1,0,1,0,1,0,1,0,0,0
26,4,2,12,0,8,0,7,4,3,1,0,1,0,0,0,0,1,0,0,1,0,1,1,0,1,0,0,1,0
28,16,2,19,0,9,2,0,7,2,0,0,1,0,1,0,0,0,0,0,1,0,1,0,0,1,0,0,0,0
31,7,2,11,1,10,3,7,7,2,0,0,1,0,0,0,0,1,0,0,1,1,0,0,1,0,0,0,1,0
43,10,1,19,0,9,5,1,7,0,0,1,0,0,0,1,0,0,0,0,0,0,1,0,0,1,0,0,0,0
52,8,2,15,0,11,3,7,7,5,1,0,1,0,0,0,0,0,0,1,1,1,0,0,0,0,1,0,0,0
27,8,2,18,1,8,3,0,7,5,0,0,1,0,0,0,0,1,0,0,0,1,0,0,0,1,0,0,0,1
32,2,1,13,1,8,4,0,7,3,0,0,1,0,0,1,0,0,0,0,0,1,0,0,0,1,0,0,0,1
26,1,2,17,1,8,3,7,7,0,0,0,1,0,0,0,0,1,0,0,1,1,0,0,0,0,1,0,0,0
41,4,2,18,0,8,5,7,7,1,1,1,0,0,0,0,0,1,0,0,1,0,1,0,0,1,0,0,1,0
35,16,3,12,0,10,2,0,0,2,0,0,1,0,1,0,0,0,0,0,1,1,0,1,0,1,0,1,0,0
39,8,1,11,1,8,3,0,7,1,0,1,0,0,0,1,0,0,0,0,0,1,0,0,1,0,0,0,0,0
45,2,2,19,1,9,3,3,7,5,0,0,1,0,0,0,0,1,0,0,1,1,0,0,1,0,0,0,0,1
41,2,2,17,0,10,3,0,7,3,0,0,0,0,1,0,0,0,0,0,0,0,1,1,1,0,0,0,0,1
43,9,2,13,1,10,3,4,7,4,0,1,0,0,0,1,0,0,0,0,1,0,0,1,0,1,0,1,0,0
34,14,1,18,2,8,3,0,6,3,0,0,1,0,0,0,0,0,1,0,0,0,0,1,0,1,0,0,0,0
34,9,3,14,0,9,3,7,7,0,0,0,1,0,1,0,0,0,0,0,0,0,1,0,0,0,0,0,0,1
36,8,3,14,1,10,2,0,5,1,0,0,0,0,0,0,0,0,0,0,0,1,0,0,0,0,1,0,0,0
30,27,2,23,1,10,2,7,7,2,0,0,1,0,0,0,0,1,0,0,1,0,0,0,0,0,1,0,0,0
39,3,2,15,1,12,3,3,6,3,0,0,1,1,0,0,0,0,0,0,0,1,0,0,0,0,0,1,0,0
45,2,2,13,0,9,3,3,1,4,0,0,1,0,0,0,0,0,1,0,1,0,1,0,1,0,0,1,0,0
29,27,2,12,1,11,3,1,1,5,0,0,1,0,1,0,0,0,0,0,0,1,0,0,0,1,0,1,0,0
40,2,2,24,1,8,2,3,7,5,0,1,0,0,1,0,0,0,0,0,0,1,0,0,0,1,0,1,0,0
35,7,3,21,0,17,3,1,6,1,0,0,1,0,0,0,0,0,0,0,1,0,1,0,0,1,0,1,0,0
28,2,2,20,0,8,2,7,5,0,0,0,1,0,0,0,0,1,0,0,0,1,0,1,0,0,0,1,0,0
26,5,1,14,1,8,2,1,7,5,1,1,0,0,0,0,0,0,0,1,0,1,0,1,0,1,0,0,0,0
44,9,1,13,0,8,0,7,1,3,0,0,1,0,0,0,0,0,0,1,1,1,0,1,0,1,0,0,0,1
32,3,2,12,1,8,2,6,3,3,0,0,1,0,0,0,0,0,0,0,0,1,0,0,1,0,0,0,0,0
30,8,3,11,1,10,2,7,7,5,0,0,1,0,0,0,0,1,0,0,1,0,0,0,0,1,0,1,0,0
39,2,3,18,0,9,3,0,7,1,0,0,1,0,0,0,0,1,0,0,1,0,1,0,1,0,1,0,0,0
46,7,3,13,1,13,3,0,7,2,0,0,1,0,0,0,0,0,0,0,1,0,0,0,0,0,0,0,1,0
30,8,3,12,3,9,4,1,7,2,0,0,1,0,0,0,0,0,0,0,0,1,0,1,0,1,1,0,0,0
26,2,2,12,0,8,2,1,3,5,0,0,1,0,0,0,0,0,0,0,1,1,0,0,1,0,0,0,0,0
55,18,2,14,2,17,3,6,7,1,0,1,0,0,1,0,0,0,0,0,1,1,0,1,1,0,0,0,0,0
32,29,1,12,0,10,2,7,7,2,0,0,0,0,0,1,0,0,0,0,0,0,1,0,1,0,1,0,0,0
50,2,5,11,1,29,2,7,7,4,0,0,1,0,0,0,0,0,0,0,1,1,0,1,1,0,0,0,1,0
28,10,2,13,0,10,4,1,7,0,0,0,1,0,0,0,0,0,0,1,0,0,1,0,0,1,0,0,0,0
35,4,3,22,0,9,2,4,7,5,1,0,1,0,0,0,0,1,0,0,1,0,1,1,0,0,1,0,0,0
52,7,3,19,0,18,4,4,0,0,0,0,1,0,1,0,0,0,0,0,1,0,1,0,1,0,0,1,0,0
38,10,3,14,2,9,2,2,7,4,0,0,1,0,0,0,0,1,0,0,1,0,0,1,0,1,0,0,0,1
43,27,3,11,1,18,1,0,1,1,0,1,0,0,0,0,0,0,0,0,0,1,0,0,1,0,0,1,0,0
35,1,1,12,1,10,2,1,7,0,0,0,1,0,0,1,0,0,0,0,1,1,0,0,0,0,0,0,1,0
26,3,1,22,1,8,2,0,7,0,0,0,1,0,0,1,0,0,0,0,1,1,0,0,0,0,0,0,0,1
32,2,2,14,0,10,2,0,7,1,0,1,0,0,0,0,0,0,0,1,0,0,1,1,0,0,0,1,0,0
43,3,5,14,1,25,2,0,7,2,0,0,1,0,0,0,0,0,0,0,1,1,0,0,0,1,0,0,0,0
26,4,1,20,0,8,2,2,2,0,0,0,1,0,0,0,0,0,0,1,1,0,1,1,0,0,0,0,0,0
30,9,2,18,0,10,3,1,7,4,0,0,0,0,0,0,0,0,0,0,0,0,1,1,1,0,0,0,1,0
52,5,3,19,0,10,2,7,7,4,1,0,1,0,0,0,0,1,0,0,1,0,1,1,1,0,0,1,0,0
39,18,2,11,0,9,6,1,7,3,0,0,1,0,0,0,0,0,0,0,1,0,1,0,0,0,1,0,0,0
34,29,2,13,2,10,1,7,7,3,0,0,1,0,0,1,0,0,0,0,1,1,0,0,1,0,0,0,0,0
27,17,1,13,0,8,2,7,7,1,1,0,1,0,0,0,0,0,0,1,0,0,1,1,0,0,0,0,0,0
29,14,3,12,0,9,1,7,7,1,1,1,0,0,1,0,0,0,0,0,0,0,1,1,1,0,0,0,1,0
40,9,2,11,2,11,2,0,7,4,0,0,0,0,0,1,0,0,0,0,1,0,0,0,1,0,0,0,1,0
49,7,3,14,2,29,3,0,7,4,0,0,1,0,1,0,0,0,0,0,1,0,0,0,0,0,0,0,1,0
28,29,2,14,2,8,2,1,7,3,0,0,1,0,0,0,0,0,0,0,1,1,0,0,1,0,0,1,0,0
40,9,2,12,0,9,5,7,1,4,0,0,1,0,0,0,0,1,0,0,1,1,0,0,0,1,1,0,0,0
48,16,2,14,1,18,2,7,7,5,0,0,1,0,0,0,0,1,0,0,0,0,0,0,0,1,0,0,0,1
48,15,1,12,1,10,3,7,6,0,0,0,1,0,0,0,0,0,0,1,0,1,0,0,0,1,0,1,0,0
34,10,2,14,1,8,3,7,7,5,0,1,0,0,1,0,0,0,0,0,1,1,0,0,1,0,0,0,1,0
37,10,1,11,1,8,2,7,7,1,0,0,1,0,0,0,0,0,0,1,0,1,0,0,1,0,0,0,0,1
49,1,4,14,0,23,2,0,0,3,0,0,1,0,0,0,1,0,0,0,1,0,1,0,0,0,1,0,0,0
44,2,3,19,1,9,2,6,7,3,0,0,1,0,1,0,0,0,0,0,0,1,0,1,0,1,0,0,0,0
45,2,2,22,2,10,3,5,7,4,0,0,0,0,0,0,0,1,0,0,0,1,0,0,0,1,0,1,0,0
46,10,3,21,3,14,2,0,7,5,1,0,1,0,0,0,0,1,0,0,0,1,0,0,0,1,0,1,0,0
27,2,2,14,0,9,5,0,7,1,0,0,1,0,0,0,0,1,0,0,0,0,1,0,0,0,1,0,0,0
47,14,2,18,1,16,4,1,7,0,0,0,0,0,0,0,0,0,0,1,1,1,0,0,0,1,0,0,0,1
34,13,3,18,1,9,2,1,1,3,0,0,1,0,0,0,0,1,0,0,1,0,0,0,0,1,0,0,0,1
38,6,2,11,1,10,1,7,7,5,0,1,0,0,0,0,0,0,0,0,1,1,0,0,1,0,1,0,0,0
34,28,2,21,2,8,2,1,7,0,0,0,1,0,0,0,0,1,0,0,0,1,0,0,0,0,0,0,0,0
38,23,3,21,0,10,2,1,8,2,0,1,0,0,0,0,0,0,0,0,1,0,1,0,0,0,0,0,1,0
29,15,2,12,0,10,3,0,8,5,0,0,1,0,0,1,0,0,0,0,0,0,1,1,1,0,0,0,1,0
42,8,2,11,1,10,2,4,2,0,0,0,1,0,0,0,0,1,0,0,1,1,0,0,1,0,0,0,0,1
27,8,3,15,0,9,0,1,7,5,0,1,0,0,0,0,0,1,0,0,1,0,1,0,1,0,1,0,0,0
34,23,2,20,0,10,2,8,7,5,0,0,0,0,0,0,0,1,0,0,1,0,1,0,0,1,1,0,0,0
46,5,2,21,0,14,4,0,8,4,0,1,0,0,0,0,0,1,0,0,1,0,1,1,0,0,1,0,0,0
35,18,3,22,1,9,3,1,8,4,0,1,0,0,0,0,0,1,0,0,1,1,0,0,1,0,1,0,0,0
32,1,2,22,1,9,3,7,8,0,0,0,1,0,0,0,0,0,0,0,1,1,0,1,1,0,0,0,0,1
46,9,3,16,0,9,3,4,7,2,1,0,1,0,0,0,0,1,0,0,1,0,1,0,1,0,0,0,0,0
34,7,2,24,0,9,3,0,6,4,1,1,0,0,0,1,0,0,0,0,1,0,1,1,0,1,0,1,0,0
36,11,3,14,1,10,6,2,8,2,0,1,0,0,0,0,0,1,0,0,0,1,0,0,0,0,0,0,0,1
41,9,3,13,1,12,2,0,7,3,0,0,1,0,0,0,0,1,0,0,1,0,0,1,0,1,0,0,1,0
32,8,3,14,0,9,2,3,7,5,0,1,0,0,0,0,0,1,0,0,0,0,1,0,1,0,0,1,0,0
41,14,1,12,1,13,2,1,8,4,0,0,1,0,0,0,0,0,0,1,1,0,0,0,0,0,1,0,0,0
37,4,1,17,1,13,2,5,8,2,0,1,0,0,0,0,0,0,1,0,1,0,0,0,0,0,0,0,0,0
33,2,1,20,0,13,3,1,7,0,1,0,1,0,0,1,0,0,0,0,0,1,0,0,1,0,0,0,1,0
40,24,2,17,2,9,3,4,7,2,0,0,1,0,0,0,0,0,0,1,1,0,0,0,1,0,0,1,0,0
42,2,1,11,1,10,4,7,8,4,0,0,1,0,0,1,0,0,0,0,0,0,0,1,0,0,0,0,0,1
31,23,2,21,1,10,2,7,8,4,0,0,1,0,1,0,0,0,0,0,1,1,0,0,1,0,0,0,1,0
36,24,2,15,1,11,3,0,8,5,0,0,0,0,0,1,0,0,0,0,0,1,0,0,0,0,0,0,1,0
43,10,2,11,1,9,3,0,0,3,0,1,0,0,0,1,0,0,0,0,0,0,0,0,1,0,0,0,0,0
30,22,3,11,0,10,3,7,8,4,0,0,0,0,0,0,0,1,0,0,0,1,0,0,0,1,0,0,0,1
48,2,2,14,1,14,2,6,7,2,0,0,1,0,0,0,0,1,0,0,0,1,0,0,0,1,0,0,1,0
37,9,3,13,1,9,6,7,7,3,0,0,0,0,0,0,0,1,0,0,1,0,0,0,1,0,0,1,0,0
54,19,3,15,1,16,1,7,1,4,0,0,1,1,0,0,0,0,0,0,1,1,0,0,0,1,1,0,0,0
38,1,2,13,0,10,4,1,8,3,0,0,1,0,1,0,0,0,0,0,0,0,1,0,0,0,0,0,0,0
27,1,3,11,0,9,3,0,7,2,0,0,1,0,0,0,0,0,0,0,0,1,0,0,0,0,0,0,0,0
27,10,3,21,2,9,4,1,7,1,0,1,0,0,0,0,0,0,0,0,1,0,0,0,0,0,1,0,0,0
36,1,2,15,1,10,2,0,5,0,0,0,1,0,0,0,0,0,0,0,0,1,0,0,0,0,1,0,0,0
42,29,2,13,1,10,3,7,8,4,0,0,1,0,0,0,0,0,0,0,1,1,0,0,1,0,0,0,0,1
49,11,3,18,2,9,3,7,7,4,1,0,1,0,0,0,0,1,0,0,0,1,0,0,0,0,0,0,1,0
55,2,2,16,0,12,3,7,3,0,1,0,1,0,0,0,0,1,0,0,1,0,1,0,0,1,0,0,1,0
27,5,3,16,1,9,3,0,8,4,0,0,1,0,0,0,0,0,0,0,1,0,0,1,1,0,0,0,1,0
33,1,2,22,1,9,5,0,8,2,0,0,1,0,0,0,0,1,0,0,1,0,0,0,1,0,0,0,0,0
52,25,4,22,0,31,3,0,0,2,0,1,0,0,0,0,0,0,0,0,0,1,0,0,1,0,0,0,0,0
31,20,2,13,1,9,2,0,0,3,0,0,0,0,0,0,0,1,0,0,0,1,0,0,0,0,1,0,0,0
31,12,2,11,2,10,2,8,5,3,0,0,1,0,1,0,0,0,0,0,0,1,0,1,0,1,1,0,0,0
45,4,2,12,0,9,5,0,8,2,0,0,0,0,0,1,0,0,0,0,1,1,0,0,1,0,0,1,0,0
52,1,4,15,1,26,2,7,8,0,0,0,1,0,0,0,1,0,0,0,1,1,0,0,0,1,0,1,0,0
45,23,2,15,1,9,2,0,8,1,0,0,0,0,0,1,0,0,0,0,1,1,0,1,1,0,1,0,0,0
47,4,2,17,0,9,0,0,7,0,0,0,1,0,0,0,0,1,0,0,0,0,1,1,0,1,0,1,0,0
45,11,4,13,1,26,4,1,1,5,0,0,1,0,0,0,1,0,0,0,0,1,0,0,0,0,1,0,0,0
54,2,3,11,1,13,4,7,0,3,0,0,1,0,0,0,0,1,0,0,0,1,0,0,1,0,1,0,0,0
55,2,4,15,0,31,3,6,2,4,0,0,0,0,0,0,1,0,0,0,1,0,1,0,0,0,1,0,0,0
28,3,3,17,3,10,3,1,7,3,0,0,1,0,0,0,0,0,0,0,0,0,0,0,1,0,0,0,0,0
49,8,4,17,1,22,3,2,3,5,0,0,1,0,0,0,0,1,0,0,1,1,0,0,0,1,0,0,1,0
27,14,1,14,2,9,3,6,8,4,0,0,1,0,0,0,0,0,0,1,1,1,0,1,0,1,0,0,1,0
33,10,3,14,2,10,3,0,8,2,0,0,1,0,0,0,0,1,0,0,1,0,0,1,1,0,0,0,0,0
59,18,3,12,0,25,6,5,4,4,0,0,1,0,0,0,0,0,0,0,1,0,1,0,1,0,1,0,0,0
30,6,2,12,1,10,6,6,7,3,0,0,1,0,0,1,0,0,0,0,0,1,0,0,0,0,0,0,1,0
28,1,2,11,3,10,6,7,5,2,0,0,0,0,0,1,0,0,0,0,0,1,0,0,0,1,0,0,0,1
30,17,3,23,2,9,2,0,8,1,0,0,1,0,0,0,1,0,0,0,0,1,0,1,0,1,0,0,0,0
34,9,3,11,1,10,0,1,6,0,0,0,1,0,1,0,0,0,0,0,1,0,0,0,1,0,0,0,0,1
40,2,2,13,0,9,4,8,8,0,0,0,1,0,0,0,0,0,0,1,1,0,1,0,0,1,0,1,0,0
41,1,2,17,1,10,2,1,7,0,0,1,0,0,0,0,0,1,0,0,0,0,0,0,1,0,0,0,0,1
35,4,2,11,0,9,3,1,1,1,0,1,0,0,0,0,0,0,0,1,1,0,1,1,1,0,0,0,0,1
35,1,2,12,1,10,0,0,0,3,0,0,1,0,0,1,0,0,0,0,0,1,0,0,1,0,0,0,0,0
58,1,5,21,1,32,3,1,5,4,0,0,1,0,0,0,0,0,0,0,0,1,0,1,0,1,1,0,0,0
40,8,3,11,1,16,5,4,8,0,0,0,0,0,0,0,0,0,0,0,1,0,0,0,0,0,1,0,0,0
53,2,4,12,0,35,2,8,8,0,0,0,1,0,0,0,0,0,0,0,1,0,1,0,1,0,0,0,0,1
29,1,1,13,0,11,2,0,7,4,1,0,1,0,0,0,0,0,0,1,1,0,1,0,1,0,0,1,0,0
38,14,2,11,1,10,3,7,7,4,0,0,1,0,0,0,0,1,0,0,1,1,0,0,0,0,0,0,0,0
34,10,2,13,1,9,3,7,2,1,0,1,0,0,0,0,0,0,0,0,1,0,0,0,0,0,1,0,0,0
49,25,1,14,1,10,3,1,4,5,0,0,1,0,0,1,0,0,0,0,0,1,0,0,0,1,0,0,0,1
39,4,2,13,0,10,2,3,8,5,0,1,0,0,0,0,0,0,0,0,0,0,1,0,0,1,0,0,1,0
32,2,2,13,2,10,4,1,6,5,0,0,1,0,0,0,0,0,0,1,1,0,0,0,0,0,0,1,0,0
48,7,1,11,2,19,3,7,7,3,1,1,0,0,0,0,0,0,1,0,0,1,0,1,0,0,0,0,0,0
39,1,2,15,1,9,2,5,8,4,0,0,0,0,0,1,0,0,0,0,1,1,0,1,0,0,1,0,0,0
30,2,1,16,0,10,2,0,7,0,0,1,0,0,0,0,0,0,0,1,0,0,1,0,0,1,0,0,1,0
33,4,2,15,2,11,2,1,7,4,0,0,0,0,0,0,0,0,0,1,1,0,0,0,0,0,1,0,0,0
43,2,1,13,0,10,5,1,8,3,0,0,1,1,0,0,0,0,0,0,1,0,1,0,0,0,0,0,0,1
46,21,2,22,1,13,2,3,7,0,1,0,1,0,1,0,0,0,0,0,0,1,0,0,0,1,0,0,0,0
46,2,3,14,1,12,4,4,7,2,0,0,1,0,0,0,0,0,0,0,1,0,0,0,0,0,0,0,0,0
27,23,2,21,1,9,5,5,8,3,0,0,1,0,0,0,0,0,1,0,0,1,0,0,0,0,0,0,1,0
45,25,2,13,2,10,2,3,8,3,0,0,1,0,0,0,0,0,0,0,0,1,0,0,0,0,0,0,0,0
33,7,2,20,3,9,2,2,8,1,0,1,0,0,1,0,0,0,0,0,1,0,0,0,0,0,0,0,0,1
33,15,2,13,1,10,6,8,1,0,0,0,1,0,1,0,0,0,0,0,0,1,0,1,0,1,0,0,0,1
52,29,1,15,2,16,3,0,0,1,0,0,0,0,0,0,0,0,1,0,1,0,0,0,0,1,0,1,0,0
36,3,3,19,2,10,2,3,4,5,0,0,1,0,0,0,0,1,0,0,0,1,0,0,0,1,0,1,0,0
35,26,3,16,0,9,2,1,7,4,0,0,1,1,0,0,0,0,0,0,0,0,1,1,0,1,0,0,1,0
31,5,2,19,0,10,2,1,7,2,0,0,0,0,0,0,0,0,0,0,1,0,1,0,0,0,0,0,0,0
49,2,2,14,0,17,3,0,8,3,0,1,0,0,0,0,0,1,0,0,1,1,0,0,0,0,0,1,0,0
49,8,2,23,1,10,3,1,7,2,0,1,0,0,0,0,0,0,0,1,1,1,0,0,1,0,0,1,0,0
29,21,3,11,1,10,1,8,8,3,0,0,1,0,0,0,0,0,0,0,0,0,0,0,0,1,0,0,0,1
32,16,1,22,0,10,5,6,7,1,1,1,0,0,0,0,0,0,0,1,0,0,1,1,1,0,0,0,0,1
30,9,1,13,0,10,5,1,8,1,0,0,1,0,0,1,0,0,0,0,1,0,1,0,0,0,0,0,0,1
38,29,2,11,0,10,2,9,9,1,0,1,0,0,0,1,0,0,0,0,0,0,1,0,0,1,0,1,0,0
32,1,2,17,2,10,3,0,9,4,0,0,1,0,0,0,0,0,0,1,1,1,0,0,1,0,0,0,0,0
30,1,2,12,2,10,1,3,0,2,0,0,1,0,0,1,0,0,0,0,1,1,0,1,0,1,1,0,0,0
51,21,2,22,0,11,2,1,0,5,0,0,1,0,0,0,0,1,0,0,1,0,1,1,0,1,1,0,0,0
46,1,3,13,1,21,5,9,5,4,0,1,0,0,1,0,0,0,0,0,1,1,0,1,0,0,0,1,0,0
30,23,1,25,3,10,2,0,9,5,0,1,0,0,0,0,0,0,0,1,1,0,0,0,1,0,0,0,0,1
35,1,3,13,2,10,3,0,6,0,0,0,1,0,0,0,0,1,0,0,1,1,0,0,0,0,0,0,1,0
29,1,2,13,1,10,1,0,9,4,0,0,0,0,0,0,0,0,0,0,1,1,0,0,0,1,0,0,1,0
30,5,3,12,1,12,2,7,4,1,0,0,1,0,0,0,0,1,0,0,0,1,0,0,1,0,0,0,0,0
34,2,2,17,0,10,2,1,9,2,0,1,0,0,0,0,0,0,0,0,1,1,0,0,0,1,0,0,1,0
29,27,3,22,3,10,3,1,9,0,1,0,1,0,0,0,0,1,0,0,0,1,0,0,0,0,1,0,0,0
51,8,3,16,2,16,5,4,7,3,0,0,1,0,0,0,0,0,0,0,1,1,0,0,0,0,0,0,0,0
37,11,3,14,3,10,1,0,7,5,0,1,0,0,0,0,0,0,0,0,1,0,0,1,1,0,0,0,1,0
35,1,3,14,0,10,3,0,8,5,0,1,0,0,0,0,0,1,0,0,0,0,1,0,0,1,0,0,1,0
47,29,3,12,1,10,2,9,9,3,1,0,0,0,0,0,1,0,0,0,1,1,0,1,0,0,0,0,1,0
50,4,5,14,2,28,4,1,6,2,0,0,1,0,0,0,0,0,0,0,1,0,0,0,0,0,1,0,0,0
29,2,2,18,0,10,3,0,9,2,0,1,0,0,0,0,0,1,0,0,1,0,1,0,0,0,0,0,1,0
55,20,2,19,1,12,4,0,8,3,0,0,1,0,0,1,0,0,0,0,1,1,0,1,1,0,0,0,1,0
38,25,3,17,1,19,2,0,1,0,0,0,1,0,0,0,0,0,0,0,0,1,0,0,0,1,0,0,0,1
33,5,3,11,2,12,2,8,8,3,0,1,0,0,0,0,1,0,0,0,0,1,0,0,1,0,0,0,0,0
30,28,2,13,2,11,2,1,9,4,0,0,1,0,0,0,0,0,0,1,0,1,0,0,0,0,0,1,0,0
31,7,3,24,1,10,2,8,9,1,0,1,0,0,0,0,0,0,0,0,0,1,0,0,0,0,1,0,0,0
45,8,2,14,2,12,3,9,8,4,0,0,1,0,0,0,0,0,0,1,1,1,0,0,1,0,0,0,1,0
30,5,2,13,3,10,2,1,2,2,0,0,1,0,0,0,0,1,0,0,0,0,0,0,1,0,0,0,1,0
36,2,3,13,2,10,2,9,0,1,0,0,1,0,0,0,0,1,0,0,1,1,0,0,0,1,0,0,1,0
41,1,3,16,1,10,2,0,7,2,0,0,1,0,0,0,0,1,0,0,1,1,0,0,0,1,0,0,1,0
28,17,2,12,1,10,2,1,8,2,0,0,1,0,0,1,0,0,0,0,1,0,0,0,1,0,1,0,0,0
46,18,2,14,1,19,5,0,8,0,0,0,1,0,0,0,0,0,0,0,0,0,0,0,0,0,0,0,0,1
29,3,3,18,0,10,2,0,7,0,0,0,1,0,0,0,0,0,0,0,1,1,0,0,1,0,1,0,0,0
36,10,3,14,0,10,3,9,7,3,0,0,0,0,0,0,0,1,0,0,1,0,1,0,0,0,0,0,1,0
55,18,4,23,0,37,2,7,7,2,0,0,1,0,0,0,1,0,0,0,0,0,1,0,1,0,0,0,1,0
42,24,3,21,1,10,5,5,8,3,0,0,1,0,0,0,0,0,0,0,1,1,0,1,0,1,0,1,0,0
34,21,2,12,0,10,3,5,7,2,0,0,1,0,0,0,0,1,0,0,1,0,1,0,0,1,0,1,0,0
52,6,2,12,2,18,3,6,9,3,0,0,1,0,0,0,0,0,0,1,1,0,0,1,0,0,1,0,0,0
42,2,2,13,2,10,4,2,2,5,0,0,1,0,1,0,0,0,0,0,0,1,0,0,1,0,0,1,0,0
34,1,1,12,1,10,4,8,8,5,0,0,1,0,0,0,0,0,0,1,1,1,0,0,0,1,0,0,0,0
37,3,3,15,1,10,2,7,8,0,0,0,1,0,0,0,0,0,0,0,1,1,0,0,0,1,0,0,0,0
33,3,1,11,0,10,3,9,7,1,1,1,0,0,0,0,0,0,0,1,1,0,1,1,1,0,0,0,0,1
29,1,1,18,1,10,5,2,8,4,0,1,0,0,0,0,0,0,0,1,1,0,0,0,1,0,1,0,0,0
32,10,2,12,0,10,2,0,8,1,0,0,1,0,0,0,0,1,0,0,1,0,1,0,1,0,0,1,0,0
56,9,4,11,0,30,1,1,1,4,0,0,1,0,1,0,0,0,0,0,1,1,0,0,1,0,1,0,0,0
32,24,2,15,2,10,2,4,7,2,0,1,0,0,0,1,0,0,0,0,1,1,0,0,0,0,0,1,0,0
33,1,1,13,0,10,2,7,8,2,1,0,1,0,0,0,0,0,0,1,1,0,1,1,0,0,0,1,0,0
36,8,3,15,0,10,1,0,9,1,0,0,0,0,0,0,0,1,0,0,1,0,1,0,0,1,0,0,0,0
29,23,1,24,1,10,3,0,7,0,0,0,1,0,0,0,0,0,0,1,1,1,0,0,0,1,1,0,0,0
35,25,1,19,1,10,3,7,8,5,1,1,0,0,0,0,0,0,0,1,0,0,0,1,1,0,0,0,0,0
32,5,2,14,1,10,3,5,3,5,0,1,0,0,0,0,0,1,0,0,1,1,0,0,1,0,1,0,0,0
37,19,3,13,0,10,2,0,9,4,0,0,0,0,0,0,0,1,0,0,1,0,1,1,0,1,0,0,0,1
35,21,2,25,1,10,2,0,7,2,0,0,1,0,1,0,0,0,0,0,0,1,0,1,0,0,0,0,0,0
35,3,3,13,1,12,2,0,8,5,0,0,1,0,0,0,0,1,0,0,1,0,0,0,0,1,0,0,0,1
33,17,4,11,0,10,2,6,0,0,0,0,0,0,0,0,1,0,0,0,1,0,1,0,0,0,0,0,0,0
54,17,3,11,1,22,2,0,8,5,0,0,1,0,0,0,0,0,0,0,0,1,0,0,0,1,1,0,0,0
51,4,1,12,3,18,2,2,7,1,1,0,1,0,0,0,0,0,0,1,1,1,0,1,0,1,0,0,0,1
28,24,3,12,0,10,2,1,9,3,1,0,0,0,1,0,0,0,0,0,1,0,1,0,1,0,0,0,1,0
41,7,1,13,0,10,3,0,8,2,0,0,1,0,0,0,0,0,0,1,0,1,0,0,1,0,0,0,1,0
29,8,2,15,1,10,2,1,2,1,0,0,1,0,0,0,0,0,0,0,1,1,0,1,0,1,0,0,1,0
30,10,2,18,1,10,3,1,4,4,0,0,1,0,0,0,0,1,0,0,1,1,0,0,0,1,1,0,0,0
29,6,1,13,1,10,5,0,8,0,0,0,1,0,0,1,0,0,0,0,0,1,0,0,1,0,0,0,1,0
33,25,2,12,1,10,3,0,1,5,0,1,0,0,0,0,0,1,0,0,0,1,0,0,1,0,0,0,1,0
30,7,2,13,3,10,4,8,9,3,0,0,1,0,0,1,0,0,0,0,1,0,0,0,0,1,0,0,0,0
44,2,1,13,1,10,5,7,7,1,0,0,1,0,0,0,0,0,0,1,0,1,0,0,0,0,0,1,0,0
54,3,4,14,0,36,2,0,9,0,0,0,1,0,0,0,0,0,0,0,1,1,0,0,0,1,0,1,0,0
31,24,2,19,0,10,2,1,8,5,0,0,1,0,1,0,0,0,0,0,0,0,1,0,0,1,1,0,0,0
34,11,2,11,2,14,5,1,8,2,0,1,0,1,0,0,0,0,0,0,1,1,0,0,1,0,0,1,0,0
44,15,3,11,1,10,2,0,5,5,1,0,1,0,1,0,0,0,0,0,0,1,0,0,0,0,0,0,0,1
32,8,2,15,2,10,4,0,8,0,0,0,1,0,0,0,0,1,0,0,1,1,0,0,0,1,1,0,0,0
32,7,2,18,1,10,3,1,1,0,1,0,1,0,0,1,0,0,0,0,1,1,0,0,1,0,0,0,1,0
31,2,3,19,1,10,5,9,6,5,0,0,0,0,0,0,0,1,0,0,0,0,0,1,1,0,0,0,1,0
34,15,2,12,0,10,6,9,6,4,0,0,1,0,0,0,0,1,0,0,0,0,1,0,1,0,0,1,0,0
58,7,3,14,0,31,0,5,9,3,1,0,1,0,0,0,0,0,0,0,0,1,0,1,0,1,0,0,1,0
48,4,3,11,0,11,2,0,8,0,0,0,1,0,0,0,0,0,0,0,1,0,1,0,0,0,0,0,1,0
31,22,2,15,2,10,3,6,7,5,1,0,1,0,0,0,0,0,0,0,1,1,0,1,0,0,0,0,0,0
29,17,3,13,0,10,3,0,9,2,0,0,1,1,0,0,0,0,0,0,1,0,1,0,0,0,1,0,0,0
36,4,2,16,0,10,2,1,8,4,0,0,1,0,0,1,0,0,0,0,1,0,1,0,0,1,0,0,0,0
31,1,3,11,0,10,2,4,7,2,1,1,0,0,0,0,0,0,0,0,0,0,1,0,0,0,0,1,0,0
29,19,2,14,2,10,3,0,4,0,0,0,1,0,0,0,0,1,0,0,1,0,0,0,1,0,0,1,0,0
34,1,3,14,0,10,3,8,6,3,0,0,1,0,0,0,0,1,0,0,1,1,0,1,0,0,0,0,0,0
37,13,2,17,0,10,2,3,7,1,0,0,1,0,0,0,0,0,0,1,1,1,0,0,1,0,0,0,0,1
45,1,3,12,3,10,4,7,7,4,0,0,1,0,1,0,0,0,0,0,1,0,0,0,0,1,0,0,0,0
30,1,2,11,1,10,4,6,7,5,1,0,1,0,0,0,0,1,0,0,1,1,0,0,0,1,1,0,0,0
29,3,1,18,0,10,3,1,5,3,0,0,1,0,0,1,0,0,0,0,1,0,1,1,1,0,0,1,0,0
35,28,2,17,2,10,3,6,8,3,0,0,1,0,0,1,0,0,0,0,1,1,0,0,0,0,0,0,1,0
45,5,2,14,0,10,3,1,4,4,0,0,1,0,0,1,0,0,0,0,0,0,1,1,0,1,0,0,0,1
45,26,2,15,1,10,2,4,5,3,0,0,0,0,0,0,0,1,0,0,1,1,0,0,1,0,1,0,0,0
39,3,2,15,1,11,3,0,7,5,0,0,1,0,0,1,0,0,0,0,1,0,0,0,0,0,1,0,0,0
45,2,2,19,2,10,3,3,9,1,0,0,1,0,0,0,0,0,0,0,0,0,0,0,0,1,0,0,0,1
44,1,2,11,0,14,3,0,2,3,0,1,0,1,0,0,0,0,0,0,1,1,0,1,0,1,0,0,0,0
54,22,4,25,1,36,6,4,7,1,0,0,1,0,0,0,1,0,0,0,0,1,0,0,0,0,0,0,1,0
29,5,2,13,1,10,3,0,9,4,0,0,1,0,0,0,0,1,0,0,1,0,0,1,0,0,0,0,1,0
31,5,2,11,2,10,2,0,2,5,0,0,1,0,0,0,0,1,0,0,0,1,0,0,0,0,0,1,0,0
34,19,1,12,0,10,3,8,7,0,0,0,1,0,0,0,0,0,0,1,0,1,0,0,1,0,0,0,0,0
43,2,2,17,1,10,3,8,8,5,0,0,1,0,0,0,0,1,0,0,1,1,0,1,0,0,0,0,0,0
41,6,3,12,0,10,3,8,7,5,0,0,1,0,0,0,0,1,0,0,1,0,1,0,0,1,0,0,1,0
46,13,2,14,0,19,3,0,9,4,0,0,1,0,1,0,0,0,0,0,1,0,1,0,0,0,0,1,0,0
30,16,1,12,1,10,2,0,8,3,0,0,1,0,0,0,0,0,0,1,1,1,0,0,0,1,0,0,1,0
46,2,3,12,1,13,5,0,3,0,0,0,1,0,0,0,0,1,0,0,1,0,0,1,0,0,0,0,1,0
37,8,2,13,0,19,4,4,7,2,0,0,1,1,0,0,0,0,0,0,1,0,0,0,0,0,1,0,0,0
35,27,2,18,0,10,2,7,7,4,1,0,1,0,0,0,0,1,0,0,1,0,1,1,0,0,0,0,0,1
33,8,1,19,1,14,1,7,6,0,0,0,1,0,0,0,0,0,0,1,1,1,0,0,0,1,0,0,1,0
37,10,2,15,0,10,4,0,8,4,1,0,1,0,0,0,0,0,0,0,1,0,1,0,1,0,0,1,0,0
34,8,2,21,2,10,5,4,8,0,0,0,1,0,0,0,0,1,0,0,1,1,0,0,1,0,0,0,0,0
36,10,2,13,1,10,4,1,7,4,0,0,1,0,0,0,0,1,0,0,0,1,0,1,0,1,0,0,0,1
31,20,2,11,1,10,2,0,2,4,0,0,1,0,0,1,0,0,0,0,1,0,0,0,0,0,0,0,0,1
36,2,2,21,0,10,2,0,8,1,0,1,0,1,0,0,0,0,0,0,1,0,1,0,0,1,0,0,0,1
33,10,2,14,0,10,2,0,9,0,0,0,1,0,0,0,0,1,0,0,1,0,1,0,1,0,0,0,0,0
39,9,2,25,1,10,3,7,9,5,0,0,1,0,0,0,0,0,0,0,1,1,0,0,0,0,0,0,1,0
31,1,2,21,0,10,6,8,7,3,0,1,0,0,0,0,0,0,0,1,1,1,0,0,1,0,0,0,0,1
35,7,2,11,0,10,2,0,9,0,0,0,1,0,0,0,0,1,0,0,0,1,0,1,0,1,0,0,0,1
31,26,2,11,0,10,4,0,8,1,1,1,0,0,0,0,0,1,0,0,1,1,0,1,0,0,0,0,0,0
43,11,3,17,1,10,1,0,9,1,0,0,1,0,1,0,0,0,0,0,1,1,0,0,0,0,1,0,0,0
55,26,5,18,1,35,0,1,4,1,0,0,1,0,0,0,1,0,0,0,1,1,0,1,1,0,1,0,0,0
40,11,2,11,1,10,2,9,4,5,0,1,0,0,0,1,0,0,0,0,0,1,0,0,0,0,0,0,0,0
35,9,2,19,0,10,5,0,8,2,0,0,1,0,0,0,0,0,0,1,1,0,1,0,1,0,1,0,0,0
56,7,1,11,1,14,4,9,8,5,1,0,1,0,0,1,0,0,0,0,1,1,0,0,0,0,0,0,1,0
38,10,2,11,1,10,1,1,9,2,0,0,1,0,0,0,0,1,0,0,0,1,0,0,0,1,1,0,0,0
35,18,2,14,2,10,2,0,2,5,0,1,0,0,1,0,0,0,0,0,1,1,0,1,0,0,0,1,0,0
31,8,2,23,0,11,2,1,8,2,0,0,1,0,0,0,0,0,0,0,0,0,1,0,1,0,0,0,0,1
30,2,2,19,3,11,3,10,8,4,0,0,1,0,1,0,0,0,0,0,1,1,0,0,1,0,1,0,0,0
30,4,2,12,3,11,4,2,7,1,0,0,1,0,0,0,0,1,0,0,0,0,0,1,1,0,0,1,0,0
32,6,2,16,0,12,0,5,7,2,0,0,1,0,0,0,0,1,0,0,1,0,1,0,0,0,0,0,0,1
34,5,3,12,0,14,6,5,8,0,0,0,1,0,0,0,1,0,0,0,0,0,1,0,0,0,0,0,1,0
30,9,2,19,0,12,2,4,7,5,0,0,1,1,0,0,0,0,0,0,1,1,0,1,1,0,0,0,1,0
30,1,3,22,0,12,2,5,8,4,0,0,0,0,0,0,0,0,0,0,1,0,1,0,1,0,0,0,1,0
29,1,3,14,1,11,5,4,1,3,0,1,0,0,0,0,0,1,0,0,0,1,0,0,0,1,1,0,0,0
34,2,2,13,1,13,3,5,9,3,0,0,1,0,0,0,0,0,0,0,1,1,0,0,1,0,0,0,1,0
35,16,3,15,2,12,3,6,9,1,0,0,1,0,0,0,0,1,0,0,1,1,0,0,0,1,0,0,0,0
38,15,3,14,1,12,3,2,9,1,0,0,1,0,0,0,0,0,0,0,1,0,0,1,1,0,0,0,0,0
31,7,3,14,0,11,2,4,10,4,0,0,1,0,0,0,0,0,0,0,0,0,1,1,0,1,0,0,1,0
30,2,1,14,0,12,2,6,7,0,0,0,0,0,0,1,0,0,0,0,0,0,1,0,0,0,1,0,0,0
35,1,2,11,0,15,2,6,9,5,0,0,1,0,0,0,0,1,0,0,1,1,0,0,0,0,0,0,0,1
36,2,1,21,0,16,6,3,9,0,0,0,1,0,0,1,0,0,0,0,1,0,1,0,0,1,0,0,0,1
40,20,3,20,1,14,6,11,1,3,0,0,1,0,1,0,0,0,0,0,1,1,0,0,0,0,0,1,0,0
36,18,2,20,0,18,0,0,9,4,0,0,0,0,0,0,0,0,0,0,1,0,1,0,1,0,0,0,0,0
29,23,3,13,1,11,3,3,10,3,1,0,1,0,0,0,0,1,0,0,0,1,0,0,0,1,0,0,1,0
60,7,2,18,1,12,3,1,9,3,0,0,1,0,0,0,0,1,0,0,1,0,0,1,1,0,0,0,0,0
30,1,1,21,1,12,2,5,7,0,0,0,1,0,0,0,0,0,0,1,1,1,0,1,0,1,1,0,0,0
36,3,1,12,0,12,2,0,7,4,0,1,0,0,0,0,0,0,0,1,1,1,0,0,0,1,0,1,0,0
46,4,5,14,1,26,2,0,8,0,0,0,1,0,0,0,1,0,0,0,0,1,0,0,0,1,1,0,0,0
34,19,2,13,2,15,2,5,10,1,0,1,0,0,0,1,0,0,0,0,0,0,0,0,1,0,0,1,0,0
35,16,3,19,0,11,3,3,3,5,0,0,1,0,1,0,0,0,0,0,0,0,1,0,0,0,0,0,1,0
34,7,1,25,1,12,4,5,7,1,0,0,1,0,0,0,0,0,1,0,1,1,0,1,1,0,0,0,1,0
34,3,2,12,1,11,2,7,9,0,0,0,1,0,0,0,0,0,0,1,0,0,0,0,0,1,0,1,0,0
35,12,2,24,0,13,2,6,7,4,1,1,0,0,0,0,0,1,0,0,1,0,1,1,1,0,0,1,0,0
33,2,2,15,0,13,2,1,7,5,0,0,0,0,0,0,0,1,0,0,0,0,1,0,0,0,0,0,0,1
38,2,1,13,3,13,3,3,8,5,0,0,0,1,0,0,0,0,0,0,1,0,0,0,0,1,0,0,1,0
29,20,1,13,0,11,3,3,10,1,0,1,0,0,0,1,0,0,0,0,1,1,0,0,0,1,0,0,0,1
31,10,3,20,1,13,2,4,8,1,0,0,0,0,0,0,0,0,0,0,0,1,0,0,0,1,0,0,0,1
40,2,2,14,1,15,4,5,10,3,0,0,1,0,0,0,0,1,0,0,0,1,0,0,0,1,0,0,0,1
34,7,3,11,0,13,4,2,11,3,0,0,1,0,0,0,0,0,0,0,0,0,1,0,0,0,1,0,0,0
30,1,2,23,0,12,2,3,7,1,0,1,0,0,0,1,0,0,0,0,0,0,1,0,1,0,0,0,0,0
40,4,3,11,1,15,2,2,11,1,0,0,1,0,0,0,0,1,0,0,1,1,0,0,0,1,0,1,0,0
30,9,2,11,2,12,4,6,10,3,0,0,0,0,0,1,0,0,0,0,1,0,0,0,0,1,0,1,0,0
53,23,4,18,0,33,0,3,8,4,0,0,1,0,0,0,0,0,0,0,0,0,1,0,0,0,1,0,0,0
50,24,4,18,1,22,2,1,5,3,0,0,1,0,0,0,0,0,0,0,1,1,0,1,0,0,0,0,0,1
44,28,4,18,1,23,2,11,11,4,0,0,1,0,0,0,0,1,0,0,0,1,0,1,0,0,1,0,0,0
46,3,4,12,1,23,3,4,9,5,0,0,1,0,0,0,1,0,0,0,1,1,0,0,0,0,0,0,0,1
40,2,2,20,3,15,0,11,8,5,0,0,1,0,1,0,0,0,0,0,0,0,0,0,0,0,0,0,0,1
42,9,1,13,0,12,3,5,8,3,0,1,0,0,0,1,0,0,0,0,0,0,1,0,0,1,1,0,0,0
57,1,2,24,1,13,2,2,8,0,0,0,1,0,0,0,0,0,0,1,1,1,0,0,0,1,0,0,1,0
31,29,2,14,2,13,3,5,7,2,0,0,1,0,0,0,0,1,0,0,0,1,0,0,1,0,0,0,1,0
36,10,3,13,1,15,1,5,7,1,0,0,1,0,1,0,0,0,0,0,1,1,0,1,0,1,0,1,0,0
30,1,1,13,0,12,6,1,7,2,0,0,1,0,0,1,0,0,0,0,1,1,0,0,1,0,1,0,0,0
38,6,2,12,3,17,3,1,9,2,0,0,0,0,0,0,0,0,0,1,0,0,0,1,1,0,0,1,0,0
51,1,3,20,0,23,1,12,8,2,0,1,0,0,1,0,0,0,0,0,0,0,1,0,0,0,0,0,0,1
36,5,2,16,0,16,3,3,7,0,0,0,1,0,0,1,0,0,0,0,1,0,1,0,0,1,0,0,0,1
32,7,2,14,1,13,3,4,8,1,0,0,1,0,0,0,0,1,0,0,1,1,0,0,1,0,1,0,0,0
32,8,2,11,0,13,2,11,9,2,0,0,1,0,0,0,0,1,0,0,0,1,0,1,0,0,0,1,0,0
36,3,3,11,1,16,2,1,12,2,0,1,0,0,0,0,0,1,0,0,1,1,0,0,0,1,0,0,0,0
31,7,2,12,1,13,5,3,12,4,0,0,1,0,0,0,0,0,0,0,0,1,0,0,0,0,0,1,0,0
37,25,2,15,2,15,2,10,7,3,0,0,0,0,0,0,0,0,0,1,0,1,0,1,0,1,0,0,0,1
31,9,3,25,1,13,6,0,8,3,0,0,1,0,0,0,0,0,0,0,1,0,0,0,0,0,1,0,0,0
33,6,2,23,1,15,2,4,7,2,0,1,0,0,1,0,0,0,0,0,1,0,0,0,0,0,0,0,0,1
33,7,3,11,0,14,3,3,7,2,0,0,1,0,0,0,0,0,0,0,1,1,0,0,1,0,0,0,1,0
35,25,3,16,0,16,2,4,8,4,0,0,1,0,0,0,0,0,0,0,1,1,0,0,0,0,0,0,0,0
33,29,2,22,0,14,4,3,8,1,1,1,0,0,0,0,0,0,0,1,0,0,1,0,1,0,0,1,0,0
34,1,2,20,0,14,3,4,9,5,0,1,0,0,1,0,0,0,0,0,1,0,1,0,0,0,0,1,0,0
35,8,3,11,1,16,6,4,12,1,0,0,0,0,0,0,0,1,0,0,0,1,0,1,0,0,0,0,0,1
31,8,3,18,1,13,5,9,9,1,0,0,1,0,0,0,0,1,0,0,1,0,0,0,0,1,0,0,0,0
34,3,2,18,0,15,2,3,12,3,0,0,1,0,0,0,0,1,0,0,1,0,1,0,0,1,0,0,0,0
46,3,4,12,1,23,2,5,1,5,0,0,1,0,0,0,1,0,0,0,0,1,0,0,1,0,0,0,1,0
35,10,3,17,0,15,3,6,0,4,1,0,1,0,0,0,0,1,0,0,1,1,0,0,0,1,0,0,1,0
38,1,2,15,2,19,4,2,9,5,0,1,0,0,0,0,0,0,0,1,1,1,0,0,1,0,0,1,0,0
36,2,2,15,0,17,2,6,7,0,0,0,1,0,0,0,0,0,1,0,0,0,1,0,0,0,0,0,1,0
42,6,3,13,1,18,3,5,7,2,0,0,1,0,0,0,0,0,0,0,1,1,0,0,1,0,0,0,0,0
47,1,3,18,2,14,3,5,12,3,0,0,0,0,0,0,0,0,0,0,0,1,0,0,0,1,1,0,0,0
56,1,2,21,1,13,2,1,9,5,0,0,0,0,1,0,0,0,0,0,1,0,0,0,0,1,0,0,0,0
53,5,5,11,1,26,3,4,8,5,0,0,1,0,0,0,1,0,0,0,0,0,0,0,1,0,0,0,0,1
32,4,3,11,0,14,2,9,8,2,1,0,1,0,0,0,0,1,0,0,1,1,0,0,0,1,0,1,0,0
41,10,2,14,0,16,3,1,10,5,0,0,0,0,0,0,0,1,0,0,1,0,1,0,1,0,0,1,0,0
53,1,2,20,0,18,2,8,10,4,0,0,1,0,0,0,0,1,0,0,0,0,1,0,0,1,0,0,1,0
32,4,2,12,1,14,3,6,8,3,0,0,1,0,0,0,0,0,0,0,0,1,0,0,0,1,0,1,0,0
37,1,3,11,0,17,2,11,7,4,1,0,1,0,0,0,0,1,0,0,1,1,0,0,0,0,1,0,0,0
36,12,3,11,0,15,2,7,8,0,0,0,1,0,0,0,0,0,0,0,0,0,1,0,0,1,0,0,1,0
37,1,2,13,1,14,2,3,11,1,0,0,1,0,0,0,0,0,0,0,0,1,0,0,0,1,1,0,0,0
33,9,1,13,1,15,5,4,10,3,0,0,1,0,0,0,0,0,0,1,1,1,0,0,0,1,0,0,1,0
34,2,2,11,0,14,2,4,11,3,0,0,1,0,1,0,0,0,0,0,0,0,1,0,0,0,0,0,0,1
34,15,4,14,2,16,3,6,9,4,0,1,0,0,0,0,0,0,0,0,1,0,0,0,0,1,0,0,0,0
54,11,4,20,1,26,2,1,12,3,0,1,0,0,0,0,1,0,0,0,0,0,0,0,0,0,0,0,0,0
35,8,2,12,1,15,5,2,9,3,0,0,0,0,1,0,0,0,0,0,0,1,0,0,0,1,0,1,0,0
50,17,3,15,3,19,3,1,11,0,0,0,1,0,0,0,0,0,0,0,0,0,0,0,0,1,0,0,0,0
43,15,4,24,1,14,3,6,11,5,0,0,1,0,0,0,0,0,0,0,1,1,0,0,1,0,1,0,0,0
33,21,1,18,3,14,6,2,13,3,0,0,1,0,0,1,0,0,0,0,1,1,0,0,1,0,0,0,0,1
34,1,3,21,0,14,3,2,1,1,0,0,1,0,0,0,0,1,0,0,1,0,1,0,1,0,0,0,0,1
32,1,3,19,2,14,3,5,7,0,0,0,1,0,0,0,0,1,0,0,0,1,0,0,0,0,1,0,0,0
33,1,3,12,0,15,1,8,12,0,0,1,0,0,0,0,0,0,0,0,0,0,1,1,0,1,0,0,0,0
35,1,2,14,0,16,2,2,8,5,0,0,1,0,0,0,0,1,0,0,1,0,1,0,1,0,0,0,0,0
49,20,2,14,0,16,2,5,11,2,0,0,1,0,0,0,0,0,0,0,0,1,0,0,1,0,0,0,0,0
39,4,2,14,1,17,1,5,9,4,0,0,1,0,0,0,0,1,0,0,0,1,0,0,0,0,0,0,0,1
36,6,1,11,1,16,4,10,11,4,0,0,1,0,0,1,0,0,0,0,1,1,0,0,0,1,1,0,0,0
38,2,2,12,0,17,2,4,12,4,0,1,0,0,0,0,0,0,0,0,0,0,1,1,1,0,1,0,0,0
38,1,3,13,1,15,3,5,11,2,0,0,1,0,0,0,0,0,0,0,0,1,0,0,1,0,0,0,0,0
48,4,3,14,0,27,3,4,8,3,0,0,1,0,1,0,0,0,0,0,1,0,1,0,0,0,0,0,0,0
34,1,2,11,1,16,2,0,9,0,0,0,1,0,0,0,0,1,0,0,1,0,0,0,0,1,1,0,0,0
53,2,3,12,1,30,2,6,12,5,0,1,0,0,0,0,0,1,0,0,0,1,0,0,0,0,0,0,0,1
45,9,2,13,1,15,2,4,12,3,0,0,0,0,0,0,0,1,0,0,0,1,0,0,0,0,0,1,0,0
36,7,2,16,1,17,2,6,13,4,0,1,0,0,0,0,0,1,0,0,0,1,0,0,1,0,0,0,0,1
34,24,2,23,0,16,2,10,10,0,1,0,1,0,0,0,0,1,0,0,0,0,1,1,1,0,0,0,0,0
33,28,2,12,1,15,3,5,7,0,0,0,1,0,0,1,0,0,0,0,1,1,0,1,0,1,0,0,0,0
49,6,4,19,1,30,3,2,12,5,0,0,1,0,1,0,0,0,0,0,0,1,0,1,0,0,0,0,1,0
34,5,2,14,1,15,3,4,13,3,0,0,1,0,0,1,0,0,0,0,1,1,0,0,1,0,0,0,1,0
34,10,2,14,1,15,3,0,7,0,0,0,0,0,0,0,0,1,0,0,1,0,0,1,0,1,0,0,0,1
34,22,2,15,0,16,3,6,11,3,0,1,0,0,0,0,0,0,0,1,1,1,0,1,0,1,0,1,0,0
38,1,2,15,2,16,3,5,8,1,0,0,1,0,0,0,0,1,0,0,1,1,0,0,0,0,1,0,0,0
36,15,2,24,1,15,4,11,11,0,0,0,0,0,0,0,0,1,0,0,1,0,0,0,0,1,1,0,0,0
34,6,2,14,0,16,3,2,10,5,0,0,1,0,0,0,0,0,0,1,0,0,1,0,1,0,0,0,1,0
38,3,3,12,2,17,6,5,13,0,0,0,1,0,0,0,0,1,0,0,1,0,0,0,0,0,0,1,0,0
35,5,3,13,0,17,5,0,13,5,0,0,1,0,0,0,0,0,0,0,1,0,1,0,0,0,1,0,0,0
36,14,2,17,1,17,2,4,11,5,0,0,1,0,1,0,0,0,0,0,1,1,0,1,0,0,0,0,0,0
36,3,3,11,1,16,6,3,7,0,1,0,1,0,0,0,0,1,0,0,1,1,0,1,0,0,0,0,0,0
35,25,3,11,1,16,3,10,1,0,0,0,1,0,1,0,0,0,0,0,0,0,0,1,0,1,0,1,0,0
46,8,2,23,3,19,2,1,7,5,0,0,1,0,0,0,0,0,0,1,0,0,0,1,0,0,0,0,0,1
36,2,2,11,0,18,2,5,12,4,0,0,1,0,0,0,0,0,0,0,0,0,1,1,1,0,0,1,0,0
35,18,2,11,0,16,2,1,10,5,0,0,1,0,0,0,0,0,0,1,1,1,0,0,0,1,0,0,0,1
58,2,4,22,1,37,0,14,14,4,0,0,0,0,0,0,1,0,0,0,1,0,0,0,0,0,0,0,1,0
43,6,5,13,0,21,2,6,14,2,0,0,1,0,0,0,1,0,0,0,0,1,0,0,0,1,1,0,0,0
37,10,3,25,1,16,2,6,8,5,0,0,1,0,0,0,0,0,0,0,0,1,0,1,1,0,1,0,0,0
36,8,3,13,3,17,2,12,8,4,0,0,1,0,1,0,0,0,0,0,0,0,0,0,0,0,0,1,0,0
45,9,2,18,1,20,2,0,15,4,0,0,1,0,0,1,0,0,0,0,1,0,0,0,0,1,0,0,0,0
43,16,4,22,1,22,3,1,9,1,0,0,1,0,0,0,1,0,0,0,0,1,0,1,0,0,1,0,0,0
37,1,1,12,0,17,3,5,7,3,0,0,1,0,0,0,0,0,0,1,0,0,1,0,1,0,0,1,0,0
35,6,2,13,0,17,3,11,8,0,0,0,1,0,0,0,0,0,0,1,1,0,1,0,0,0,0,0,0,1
35,9,3,20,1,17,2,5,15,5,0,0,1,0,0,0,0,0,0,0,0,1,0,1,0,1,0,0,0,1
53,2,4,13,1,22,3,15,2,3,0,0,1,0,0,0,1,0,0,0,1,0,0,0,0,0,0,0,0,1
36,16,1,16,0,18,1,15,14,2,1,0,1,0,0,1,0,0,0,0,0,0,1,0,1,0,0,0,0,1
47,25,3,23,0,25,3,12,11,0,0,0,1,0,1,0,0,0,0,0,1,0,1,0,0,1,0,1,0,0
39,1,3,17,3,19,5,3,7,4,0,0,1,0,1,0,0,0,0,0,1,0,0,0,0,0,0,1,0,0
37,14,1,12,1,18,2,12,17,1,0,0,1,0,0,1,0,0,0,0,0,0,0,0,1,0,0,0,1,0
60,28,3,19,0,22,5,13,11,3,0,1,0,0,0,0,0,1,0,0,0,1,0,0,1,0,0,0,0,0
41,2,4,16,1,22,2,11,8,1,0,0,1,0,0,0,1,0,0,0,0,1,0,0,0,0,0,0,0,1
40,5,3,21,1,20,2,1,12,0,0,1,0,0,0,0,0,1,0,0,1,1,0,1,0,1,1,0,0,0
36,1,2,14,1,18,1,4,11,2,0,0,1,0,0,0,0,1,0,0,1,1,0,1,0,0,1,0,0,0
41,6,1,13,0,20,3,2,17,0,0,0,1,0,0,1,0,0,0,0,1,0,1,1,0,0,0,0,0,1
41,9,5,17,1,21,2,0,11,2,0,1,0,0,0,0,0,0,0,0,1,0,0,0,0,0,0,0,0,0
50,1,2,12,1,19,3,0,13,2,0,0,0,0,0,0,0,1,0,0,0,1,0,0,0,1,0,0,0,0
39,2,4,11,3,21,4,11,5,4,1,1,0,0,1,0,0,0,0,0,1,0,0,0,0,0,0,0,0,1
40,9,3,17,0,20,3,2,13,0,0,1,0,0,0,0,0,0,0,0,0,0,1,0,0,0,0,0,0,0
40,15,3,13,2,18,2,14,12,4,0,0,1,0,0,0,0,0,0,0,0,1,0,0,1,0,1,0,0,0
38,10,3,12,1,20,3,1,11,3,0,0,1,0,0,0,0,0,0,0,0,1,0,0,1,0,0,0,0,0
45,6,3,12,0,23,2,12,8,3,0,0,0,0,0,0,0,1,0,0,0,0,1,0,0,0,0,0,0,1
39,2,3,25,0,20,1,11,8,2,0,1,0,0,1,0,0,0,0,0,0,0,1,0,0,0,1,0,0,0
47,16,2,19,0,20,3,2,7,5,0,1,0,0,0,0,0,0,0,0,1,0,0,1,1,0,0,1,0,0
38,17,3,18,1,20,4,1,9,4,0,0,1,0,1,0,0,0,0,0,0,1,0,0,1,0,0,0,0,0
39,13,4,13,2,21,4,15,2,0,0,0,1,0,0,0,1,0,0,0,0,0,0,1,1,0,1,0,0,0
41,10,2,13,0,19,4,11,9,3,0,0,0,0,0,0,0,1,0,0,1,0,1,0,0,0,0,1,0,0
55,2,5,14,1,23,5,9,11,3,0,0,1,0,0,0,1,0,0,0,0,1,0,0,0,0,1,0,0,0
55,13,4,17,0,24,2,3,8,2,1,0,1,0,0,0,0,1,0,0,1,0,1,1,0,1,0,0,1,0
56,23,4,12,1,33,0,15,9,0,0,0,1,0,0,0,0,0,0,0,1,1,0,1,0,0,0,0,0,1
46,3,4,12,1,25,5,2,8,5,0,0,1,0,0,0,0,1,0,0,0,0,0,0,1,0,1,0,0,0
40,1,4,11,1,22,3,11,16,4,0,0,1,0,0,0,1,0,0,0,1,0,0,0,0,0,0,0,0,1
51,6,5,13,0,23,5,15,15,1,0,0,1,0,0,0,0,0,0,0,1,0,1,0,0,1,0,1,0,0
40,26,2,11,1,20,2,2,13,4,0,1,0,0,0,0,0,0,0,1,0,0,0,0,1,0,0,0,0,0
40,4,5,14,1,21,2,9,9,2,0,0,1,0,0,0,1,0,0,0,0,1,0,0,0,1,0,1,0,0
45,2,4,23,1,22,1,11,8,5,0,0,0,0,0,0,1,0,0,0,1,1,0,0,1,0,0,1,0,0
45,20,4,14,0,21,2,4,10,3,0,0,1,0,1,0,0,0,0,0,1,1,0,1,1,0,1,0,0,0
42,1,2,25,0,20,3,11,6,5,0,0,1,0,0,0,0,1,0,0,1,1,0,0,0,1,0,1,0,0
42,26,4,14,1,23,2,4,8,5,0,1,0,0,0,0,0,1,0,0,0,1,0,0,0,0,0,1,0,0
40,2,5,14,0,21,2,1,12,2,0,0,1,0,0,0,1,0,0,0,0,1,0,0,1,0,0,0,0,0
40,6,4,15,0,22,3,5,13,3,0,0,1,0,0,0,0,0,0,0,0,0,1,0,0,0,0,0,0,1
50,28,1,11,3,20,3,3,8,2,0,0,1,0,0,1,0,0,0,0,1,1,0,1,1,0,1,0,0,0
39,2,2,11,0,20,4,11,10,5,0,0,1,0,1,0,0,0,0,0,0,0,1,0,1,0,0,0,1,0
51,26,4,14,1,29,2,4,17,0,0,0,1,0,0,0,1,0,0,0,0,1,0,0,1,0,0,0,0,0
44,1,3,14,1,24,1,3,6,1,1,0,1,1,0,0,0,0,0,0,1,1,0,0,0,0,0,0,0,1
40,14,5,14,0,21,2,4,9,3,0,0,1,0,0,0,0,0,0,0,1,0,1,0,0,0,0,0,1,0
44,29,2,25,0,20,3,13,17,3,0,0,1,0,0,0,0,0,0,1,1,0,1,0,1,0,0,1,0,0
42,2,4,13,0,21,3,2,10,4,0,0,0,0,0,0,1,0,0,0,1,1,0,1,0,0,0,1,0,0
43,6,2,14,0,20,3,1,8,5,0,0,1,0,0,0,0,0,0,1,0,0,1,1,0,1,0,1,0,0
42,10,4,14,1,21,5,0,9,4,0,0,1,0,0,0,1,0,0,0,0,1,0,0,0,0,0,0,1,0
54,1,4,19,0,29,3,12,7,0,0,0,1,0,0,0,0,0,0,0,0,0,1,0,1,0,0,1,0,0
47,2,4,19,2,26,2,5,6,2,0,0,1,0,0,0,0,0,0,0,0,1,0,0,0,1,0,0,0,0
44,28,4,13,1,24,1,14,17,1,0,0,1,0,0,0,0,0,0,0,1,1,0,0,0,1,0,1,0,0
42,2,3,14,1,24,3,13,9,3,0,1,0,0,1,0,0,0,0,0,1,1,0,1,0,0,0,0,0,1
38,8,2,16,1,20,3,0,7,5,0,1,0,0,0,0,0,0,0,1,0,0,0,1,1,0,1,0,0,0
39,15,4,12,0,21,3,11,10,2,0,0,1,0,0,0,0,1,0,0,1,0,1,0,0,0,0,0,1,0
42,23,2,12,0,20,2,3,7,1,0,0,0,0,0,0,0,0,0,1,1,0,1,0,0,0,0,0,0,0
41,28,4,23,1,21,3,0,10,0,0,0,1,0,0,0,0,0,0,0,0,1,0,0,0,0,0,1,0,0
39,24,4,11,1,21,2,9,6,0,0,0,1,0,0,0,0,1,0,0,0,1,0,0,0,0,0,0,0,1
59,25,3,11,0,28,3,7,9,2,0,0,1,0,0,0,0,1,0,0,0,0,1,0,0,1,0,0,0,0
40,2,5,19,1,22,5,3,9,3,0,0,1,0,0,0,0,0,0,0,1,0,0,0,0,0,1,0,0,0
39,10,4,14,0,21,3,11,10,4,0,0,1,0,0,0,1,0,0,0,1,1,0,1,0,0,0,1,0,0
39,7,5,15,1,21,2,13,3,3,0,1,0,0,0,0,1,0,0,0,1,1,0,0,0,1,1,0,0,0
39,1,5,14,1,21,3,1,6,2,0,1,0,0,0,0,1,0,0,0,1,0,0,1,1,0,0,0,0,0
41,10,5,15,3,23,2,12,6,2,0,0,1,0,0,0,1,0,0,0,1,0,0,0,1,0,1,0,0,0
39,1,4,16,1,21,3,11,8,3,0,0,1,0,0,0,0,0,0,0,0,1,0,0,0,1,1,0,0,0
41,7,5,22,2,21,3,5,10,3,0,0,0,0,0,0,0,0,0,0,0,0,0,0,0,0,0,0,0,1
39,22,3,13,0,21,2,2,8,2,0,1,0,0,0,0,0,0,0,0,0,0,1,1,0,0,0,0,0,1
42,12,4,12,0,22,2,13,14,4,1,1,0,0,0,0,0,1,0,0,1,0,1,1,0,0,0,0,0,1
43,4,3,14,0,23,3,15,17,3,0,0,1,0,0,0,0,1,0,0,0,0,1,0,1,0,0,1,0,0
40,6,4,21,0,21,2,7,7,4,0,0,1,0,0,0,1,0,0,0,1,0,1,1,1,0,0,0,0,1
45,28,4,11,0,21,2,8,6,4,0,0,1,0,0,0,0,0,0,0,0,0,1,0,0,0,0,0,0,1
40,7,5,14,0,21,3,12,8,0,0,0,1,0,0,0,1,0,0,0,1,0,1,0,0,1,0,0,0,1
44,7,3,14,1,24,4,5,17,4,0,0,1,0,1,0,0,0,0,0,0,1,0,0,0,0,0,0,1,0
41,12,5,12,0,23,0,15,8,4,1,0,1,0,0,0,0,0,0,0,0,1,0,0,1,0,0,1,0,0
40,1,4,22,1,22,3,11,11,2,0,1,0,0,1,0,0,0,0,0,1,1,0,0,0,0,0,1,0,0
42,4,5,11,0,22,3,11,15,3,0,0,1,0,0,0,1,0,0,0,1,1,0,0,0,0,0,0,1,0
41,2,4,19,0,22,2,0,4,1,0,0,1,0,0,0,1,0,0,0,1,0,1,0,1,0,1,0,0,0
41,1,5,12,1,22,3,2,10,4,0,0,1,0,0,0,1,0,0,0,1,1,0,0,0,1,1,0,0,0
47,3,4,12,2,28,2,11,13,4,0,1,0,0,0,0,0,1,0,0,0,0,0,1,0,0,0,0,0,0
42,2,4,17,1,23,3,13,7,0,0,0,1,0,0,0,1,0,0,0,1,1,0,0,0,0,1,0,0,0
44,5,5,11,1,26,5,3,10,4,0,0,1,0,0,0,1,0,0,0,1,1,0,0,0,1,0,0,1,0
44,7,5,14,1,23,4,1,10,5,0,0,1,0,0,0,0,0,0,0,0,0,0,1,0,1,0,0,0,0
41,4,3,13,1,23,3,13,5,3,0,0,1,0,0,0,0,1,0,0,0,0,0,1,0,1,1,0,0,0
47,4,3,12,1,28,4,14,10,3,0,0,1,0,0,0,0,0,0,0,0,0,0,1,0,0,0,0,0,0
48,10,5,12,0,29,3,12,9,1,0,0,1,0,0,0,0,0,0,0,1,1,0,0,0,1,0,0,0,0
48,22,4,11,1,24,3,4,7,3,0,1,0,0,0,0,1,0,0,0,0,0,0,0,0,0,0,1,0,0
42,2,5,11,0,24,2,4,14,4,0,0,1,0,0,0,1,0,0,0,1,1,0,0,0,1,0,1,0,0
45,1,3,23,1,25,3,14,4,1,0,0,0,0,1,0,0,0,0,0,1,1,0,0,1,0,0,0,0,0
47,9,4,11,0,25,3,14,10,1,1,1,0,0,0,0,0,1,0,0,1,1,0,0,0,0,0,1,0,0
46,1,3,25,3,24,2,15,7,0,0,0,1,0,0,0,0,1,0,0,0,0,0,0,0,1,0,0,0,0
55,14,5,11,0,36,3,2,15,0,0,0,1,0,0,0,0,0,0,0,1,0,1,0,0,0,0,0,0,1
45,1,5,11,1,25,2,1,7,3,0,0,1,0,0,0,1,0,0,0,1,1,0,0,0,0,0,0,0,0
45,7,3,18,1,24,2,9,11,5,0,1,0,0,0,1,0,0,0,0,1,0,0,0,0,1,1,0,0,0
42,8,5,13,1,24,4,14,9,1,0,1,0,0,0,0,1,0,0,0,1,0,0,0,0,0,0,0,0,0
45,2,5,16,0,26,2,1,11,2,1,0,1,0,0,0,1,0,0,0,0,0,1,1,0,0,0,0,0,0
53,2,4,16,0,31,3,3,7,5,0,0,1,0,0,0,1,0,0,0,0,1,0,0,1,0,0,0,0,0
43,26,4,12,2,25,3,4,12,2,0,1,0,0,0,0,1,0,0,0,1,1,0,1,0,0,0,0,0,0
43,12,4,11,1,25,3,3,9,2,0,0,1,0,0,0,0,0,0,0,1,0,0,0,0,1,0,0,0,0
44,4,5,14,2,26,4,14,13,4,0,0,1,0,0,0,1,0,0,0,1,0,0,0,1,0,0,1,0,0
47,2,4,11,1,26,3,3,0,3,0,0,1,0,0,0,1,0,0,0,0,1,0,1,0,1,0,0,0,1
49,8,3,11,1,29,3,1,7,4,0,0,1,0,0,1,0,0,0,0,0,1,0,0,0,1,0,0,0,0
46,2,4,23,0,28,2,15,9,4,0,0,1,0,0,0,1,0,0,0,0,1,0,0,1,0,0,0,1,0
46,1,4,15,0,27,5,0,12,3,0,0,1,0,0,0,1,0,0,0,1,0,1,0,1,0,0,1,0,0
50,7,5,12,1,29,2,13,8,2,0,0,1,0,0,0,0,0,0,0,0,0,0,1,0,1,0,1,0,0
50,29,4,15,1,28,2,15,7,4,0,0,1,0,0,0,1,0,0,0,1,1,0,0,0,1,0,1,0,0
60,7,5,11,0,33,5,11,10,2,0,0,1,0,0,0,1,0,0,0,0,1,0,0,1,0,0,0,0,1
51,9,5,24,1,31,5,11,10,0,0,1,0,0,0,0,1,0,0,0,1,0,0,1,0,0,1,0,0,0
50,20,4,15,1,32,3,12,13,1,0,1,0,0,1,0,0,0,0,0,1,1,0,1,1,0,0,0,0,0
49,18,5,17,1,31,5,0,9,3,0,0,1,0,0,0,0,0,0,0,1,0,0,1,1,0,0,0,1,0
58,2,5,12,0,40,2,13,8,3,1,0,1,0,0,0,0,0,0,0,1,0,1,1,1,0,0,0,0,1
50,2,4,11,1,31,3,14,7,4,0,0,0,0,0,0,1,0,0,0,1,0,0,0,1,0,1,0,0,0
50,3,5,11,1,32,2,10,7,4,0,1,0,0,0,0,1,0,0,0,1,1,0,0,0,0,0,1,0,0
52,2,5,15,1,33,3,6,9,3,1,0,1,0,0,0,1,0,0,0,0,1,0,0,1,0,0,0,0,0
50,22,4,13,0,32,2,13,9,2,0,1,0,0,0,0,0,0,0,0,1,0,1,1,0,1,1,0,0,0
52,1,5,14,1,34,5,11,9,5,0,0,1,0,0,0,1,0,0,0,1,1,0,0,1,0,0,0,0,0
52,2,5,18,0,33,2,15,12,4,0,0,0,0,0,0,1,0,0,0,1,0,1,1,0,1,0,1,0,0
55,8,4,15,1,34,3,15,0,3,0,0,0,0,1,0,0,0,0,0,1,0,0,1,0,1,0,1,0,0
51,5,4,11,1,33,2,0,10,4,0,0,1,0,0,0,1,0,0,0,1,0,0,1,0,0,0,0,0,0
53,2,3,16,1,34,4,1,9,4,1,0,1,0,0,0,0,0,0,0,0,1,0,0,0,0,0,0,1,0
52,3,4,11,0,34,3,1,16,3,0,0,1,0,0,0,1,0,0,0,1,1,0,0,0,1,0,1,0,0
55,1,5,14,0,37,2,4,13,1,0,0,1,0,0,0,1,0,0,0,1,0,1,1,1,0,0,0,1,0
55,26,5,21,1,36,3,2,13,2,0,0,1,0,0,0,1,0,0,0,1,1,0,0,0,1,0,0,1,0
58,10,4,13,0,38,1,1,8,2,0,0,1,0,0,0,0,1,0,0,1,0,1,0,0,1,0,0,0,1
58,23,3,12,1,40,3,15,6,4,1,0,1,0,1,0,0,0,0,0,0,1,0,0,1,0,0,0,0,1
